College Code,College Name,Degree,SubCourse,Medium
1051,Aurora Degree College,B.Com,Computers,English
1051,Aurora Degree College,B.Com,General,English
1051,Aurora Degree College,B.Com,Hons.,English
1051,Aurora Degree College,B.Sc,BioChemistry/Bio-Technology/Chemistry,English
1051,Aurora Degree College,B.Sc,Chemistry/Microbiology/BioChemistry,English
1051,Aurora Degree College,B.Sc,Mahtematics/Electronics/ComputerScience,English
1051,Aurora Degree College,B.Sc,Mathematics/Physics/ComputerScience,English
1051,Aurora Degree College,B.Sc,Mathematics/Stastitics/ComputerScience,English
1051,Aurora Degree College,B.Sc,Microbiology/Genetics/Chemistry,English
1051,Aurora Degree College,BBA,Bachelor of Business Administration,English
1053,A.V. Degree College,B.A,Economics/Pol.Science/PublicAdmn.,English
1053,A.V. Degree College,B.A,Psychology/ Public Administration/ Political Science,English
1053,A.V. Degree College,B.Com,"Advertising,SalesPromotion&SalesManagement(Vocational)",English
1053,A.V. Degree College,B.Com,Computers,English
1053,A.V. Degree College,B.Com,ForeignTradePractises&Proceduret(Vocational),English
1053,A.V. Degree College,B.Com,General,English
1053,A.V. Degree College,B.Com,General,Telugu
1053,A.V. Degree College,B.Sc,BioTechnology/Botany/Chemistry,English
1053,A.V. Degree College,B.Sc,Bio-Technology/Zoology/Chemistry,English
1053,A.V. Degree College,B.Sc,Botany/Zoology/Chemistry,English
1053,A.V. Degree College,B.Sc,Mahtematics/Electronics/ComputerScience,English
1053,A.V. Degree College,B.Sc,Mathemaics/Physics/Chemistry,English
1053,A.V. Degree College,B.Sc,Mathematics/Physics/ComputerScience,English
1053,A.V. Degree College,B.Sc,Mathematics/Physics/Electronics,English
1053,A.V. Degree College,B.Sc,Mathematics/Stastitics/ComputerScience,English
1053,A.V. Degree College,B.Sc,Microbiology/Chemistry/IndustrialChemistry,English
1054,A.K. Navajeevan Degree Coll. for Women,B.Com,Computers,English
1054,A.K. Navajeevan Degree Coll. for Women,B.Com,General,English
1054,A.K. Navajeevan Degree Coll. for Women,B.Sc,Bio-Technology/Zoology/Chemistry,English
1054,A.K. Navajeevan Degree Coll. for Women,B.Sc,Botany/Zoology/Chemistry,English
1055,ACME Degree College,B.Com,Computers,English
1055,ACME Degree College,B.Com,General,English
1055,ACME Degree College,B.Sc,Mahtematics/Electronics/ComputerScience,English
1055,ACME Degree College,B.Sc,Mathematics/Physics/Electronics,English
1055,ACME Degree College,B.Sc,Mathematics/Stastitics/ComputerScience,English
1056,Kranthi Degree College,B.Com,Computers,English
1056,Kranthi Degree College,B.Com,General,English
1056,Kranthi Degree College,B.Sc,Mahtematics/Electronics/ComputerScience,English
1056,Kranthi Degree College,B.Sc,Mathematics/Physics/ComputerScience,English
1056,Kranthi Degree College,B.Sc,Mathematics/Stastitics/ComputerScience,English
1057,Andhra Yuvathi Mandali Degree College for Women,B.Com,Computers,English
1057,Andhra Yuvathi Mandali Degree College for Women,B.Com,General,English
1057,Andhra Yuvathi Mandali Degree College for Women,B.Sc,Mahtematics/Electronics/ComputerScience,English
1057,Andhra Yuvathi Mandali Degree College for Women,B.Sc,Mathematics/Stastitics/ComputerScience,English
1057,Andhra Yuvathi Mandali Degree College for Women,B.Sc,Microbiology/Biotechnology/Chemistry,English
1059,Avanthi Degree College,B.Com,ComputerApplication(Vocational),English
1059,Avanthi Degree College,B.Com,Computers,English
1059,Avanthi Degree College,B.Com,General,English
1059,Avanthi Degree College,B.Com,Hons.,English
1059,Avanthi Degree College,B.Sc,Bio-Technology/Zoology/Chemistry,English
1059,Avanthi Degree College,B.Sc,Mahtematics/Electronics/ComputerScience,English
1059,Avanthi Degree College,B.Sc,Mathematics/Physics/ComputerScience,English
1059,Avanthi Degree College,B.Sc,Mathematics/Stastitics/ComputerScience,English
1059,Avanthi Degree College,B.Sc,Microbiology/Biotechnology/Chemistry,English
1060,Annie Besant Womens Degree College,B.A,Psychology/Econmics/PublicAdmn,English
1060,Annie Besant Womens Degree College,B.Com,Computers,English
1060,Annie Besant Womens Degree College,B.Com,General,English
1060,Annie Besant Womens Degree College,B.Com,General,Telugu
1060,Annie Besant Womens Degree College,B.Sc,BioChemistry/Bio-Technology/Chemistry,English
1060,Annie Besant Womens Degree College,B.Sc,Chemistry/Microbiology/BioChemistry,English
1060,Annie Besant Womens Degree College,B.Sc,Mahtematics/Electronics/ComputerScience,English
1060,Annie Besant Womens Degree College,B.Sc,Mathemaics/Physics/Chemistry,English
1060,Annie Besant Womens Degree College,B.Sc,Mathematics/Physics/ComputerScience,English
1060,Annie Besant Womens Degree College,B.Sc,Mathematics/Stastitics/ComputerScience,English
1060,Annie Besant Womens Degree College,B.Sc,Microbiology/Biotechnology/Chemistry,English
1060,Annie Besant Womens Degree College,B.Sc,Microbiology/Chemistry/ComputerApplns.,English
1061,Arunodaya Degree College,B.Com,Computers,English
1061,Arunodaya Degree College,B.Com,General,English
1061,Arunodaya Degree College,B.Sc,Botany/Zoology/Chemistry,English
1061,Arunodaya Degree College,B.Sc,Mahtematics/Electronics/ComputerScience,English
1061,Arunodaya Degree College,B.Sc,Mathemaics/Physics/Chemistry,English
1061,Arunodaya Degree College,B.Sc,Mathematics/Stastitics/ComputerScience,English
1064,Badruka Degree College (Day),B.Com,Computers,English
1064,Badruka Degree College (Day),B.Com,General,English
1064,Badruka Degree College (Day),B.Com,Hons.,English
1064,Badruka Degree College (Day),BBA,Bachelor of Business Administration,English
1065,Badruka Degree College (AN),B.Com,General,English
1066,BBCIT,B.Sc,Mahtematics/Electronics/ComputerScience,English
1066,BBCIT,B.Sc,Mathematics/Stastitics/ComputerScience,English
1068,Bhavans New Science Degree College (Day),B.Sc,BioTechnology/Botany/Chemistry,English
1068,Bhavans New Science Degree College (Day),B.Sc,Botany/Geology/Chemistry,English
1068,Bhavans New Science Degree College (Day),B.Sc,Botany/Zoology/Chemistry,English
1068,Bhavans New Science Degree College (Day),B.Sc,Mahtematics/Electronics/ComputerScience,English
1068,Bhavans New Science Degree College (Day),B.Sc,Mathemaics/Physics/Chemistry,English
1068,Bhavans New Science Degree College (Day),B.Sc,Mathematics/Physics/Electronics,English
1068,Bhavans New Science Degree College (Day),B.Sc,Mathematics/Physics/Geology,English
1068,Bhavans New Science Degree College (Day),B.Sc,Mathematics/Stastitics/ComputerScience,English
1068,Bhavans New Science Degree College (Day),B.Sc,Microbiology/Botany/Chemistry,English
1069,Bhavans New Science Degree College (AN),B.A,Economics/Pol.Science/PublicAdmn.,English
1069,Bhavans New Science Degree College (AN),B.A,Economics/Pol.Science/PublicAdmn.,Telugu
1069,Bhavans New Science Degree College (AN),B.Com,Computers,English
1069,Bhavans New Science Degree College (AN),B.Com,General,English
1069,Bhavans New Science Degree College (AN),B.Com,General,Telugu
1070,BJR Govt. Degree College,B.A,Economics/Pol.Science/History,English
1070,BJR Govt. Degree College,B.A,Economics/Pol.Science/PublicAdmn.,Telugu
1070,BJR Govt. Degree College,B.A,History/Pol.Science/PublicAdministration,Telugu
1070,BJR Govt. Degree College,B.A,Mass Communication/ English ML/ Political Science,English
1070,BJR Govt. Degree College,B.Com,ComputerApplication(Vocational),English
1070,BJR Govt. Degree College,B.Com,Computers,English
1070,BJR Govt. Degree College,B.Com,General,English
1070,BJR Govt. Degree College,B.Sc,Botany/Zoology/Chemistry,English
1070,BJR Govt. Degree College,B.Sc,Botany/Zoology/Chemistry,Telugu
1070,BJR Govt. Degree College,B.Sc,Mathemaics/Physics/Chemistry,English
1070,BJR Govt. Degree College,B.Sc,Mathemaics/Physics/Chemistry,Telugu
1070,BJR Govt. Degree College,B.Sc,Mathematics/Physics/ComputerScience,English
1070,BJR Govt. Degree College,B.Sc,Mathematics/Stastitics/ComputerScience,English
1071,Bharat Degree College for Women,B.Com,Computers,English
1071,Bharat Degree College for Women,B.Com,General,English
1071,Bharat Degree College for Women,BBA,Bachelor of Business Administration,English
1072,Bhavans Viveknanda Degree College,B.A,Mass Communication/ English ML/ Political Science,English
1072,Bhavans Viveknanda Degree College,B.Com,Computers,English
1072,Bhavans Viveknanda Degree College,B.Com,General,English
1072,Bhavans Viveknanda Degree College,B.Com,Hons.,English
1072,Bhavans Viveknanda Degree College,B.Sc,Biotechnology/Genetics/Chemistry,English
1072,Bhavans Viveknanda Degree College,B.Sc,Chemistry/Microbiology/BioChemistry,English
1072,Bhavans Viveknanda Degree College,B.Sc,Mahtematics/Electronics/ComputerScience,English
1072,Bhavans Viveknanda Degree College,B.Sc,Mathematics/Physics/ComputerScience,English
1072,Bhavans Viveknanda Degree College,B.Sc,Mathematics/Stastitics/ComputerScience,English
1072,Bhavans Viveknanda Degree College,B.Sc,Microbiology/Genetics/Chemistry,English
1072,Bhavans Viveknanda Degree College,BBA,Bachelor of Business Administration,English
1074,CAT Degree & PG College,B.Com,Computers,English
1074,CAT Degree & PG College,B.Com,General,English
1074,CAT Degree & PG College,B.Sc,Mathematics/Stastitics/ComputerScience,English
1075,Dharmavanth Degree College,B.Com,General,English
1075,Dharmavanth Degree College,B.Sc,Botany/Zoology/Chemistry,English
1075,Dharmavanth Degree College,B.Sc,Mathemaics/Physics/Chemistry,English
1076,Dr. B. R. Ambedkar Degree College,B.A,Economics/Pol.Science/PublicAdmn.,English
1076,Dr. B. R. Ambedkar Degree College,B.A,Economics/Pol.Science/PublicAdmn.,Telugu
1076,Dr. B. R. Ambedkar Degree College,B.Com,Computers,English
1076,Dr. B. R. Ambedkar Degree College,B.Com,General,English
1076,Dr. B. R. Ambedkar Degree College,B.Com,General,Telugu
1076,Dr. B. R. Ambedkar Degree College,B.Sc,Mathemaics/Physics/Chemistry,English
1076,Dr. B. R. Ambedkar Degree College,B.Sc,Mathemaics/Physics/Chemistry,Telugu
1076,Dr. B. R. Ambedkar Degree College,B.Sc,Mathematics/Physics/ComputerScience,English
1078,Dewan Bahadur Padma Rao Modiliar Degree College for Women,B.Com,Computers,English
1078,Dewan Bahadur Padma Rao Modiliar Degree College for Women,B.Com,General,English
1078,Dewan Bahadur Padma Rao Modiliar Degree College for Women,B.Sc,Mathematics/Physics/ComputerScience,English
1078,Dewan Bahadur Padma Rao Modiliar Degree College for Women,B.Sc,Mathematics/Stastitics/ComputerScience,English
1079,D.V.M Degree College of Commerce & Science,B.Com,Computers,English
1079,D.V.M Degree College of Commerce & Science,B.Com,General,English
1079,D.V.M Degree College of Commerce & Science,B.Sc,Mathemaics/Physics/Chemistry,English
1079,D.V.M Degree College of Commerce & Science,B.Sc,Mathematics/Physics/ComputerScience,English
1079,D.V.M Degree College of Commerce & Science,B.Sc,Mathematics/Stastitics/ComputerScience,English
1079,D.V.M Degree College of Commerce & Science,B.Sc,Microbiology/Biotechnology/Chemistry,English
1080,Don Bosco Degree College,B.Com,Computers,English
1080,Don Bosco Degree College,B.Com,General,English
1080,Don Bosco Degree College,B.Sc,Mahtematics/Electronics/ComputerScience,English
1080,Don Bosco Degree College,B.Sc,Mathematics/Stastitics/ComputerScience,English
1081,David Memorial Degree College,B.Com,Computers,English
1081,David Memorial Degree College,B.Com,General,English
1081,David Memorial Degree College,B.Sc,Mathemaics/Physics/Chemistry,English
1081,David Memorial Degree College,B.Sc,Mathematics/Physics/ComputerScience,English
1081,David Memorial Degree College,B.Sc,Mathematics/Stastitics/ComputerScience,English
1081,David Memorial Degree College,BBA,Bachelor of Business Administration,English
1083,Govt. Degree College for Women,B.A,Economics/Pol.Science/History,English
1083,Govt. Degree College for Women,B.A,History/Pol.Science/Urdu,Urdu
1083,Govt. Degree College for Women,B.Com,ComputerApplication(Vocational),English
1083,Govt. Degree College for Women,B.Com,General,English
1083,Govt. Degree College for Women,B.Sc,Botany/Zoology/Chemistry,English
1083,Govt. Degree College for Women,B.Sc,Microbiology/Genetics/Chemistry,English
1086,G.M. Sanghi Degree College,B.Com,Computers,English
1086,G.M. Sanghi Degree College,B.Com,General,English
1087,Gauthami Degree College,B.Com,Computers,English
1087,Gauthami Degree College,B.Com,General,English
1087,Gauthami Degree College,B.Sc,Mahtematics/Electronics/ComputerScience,English
1087,Gauthami Degree College,B.Sc,Mathemaics/Physics/Chemistry,English
1087,Gauthami Degree College,B.Sc,Mathematics/Chemistry/ComputerApplications,English
1087,Gauthami Degree College,B.Sc,Mathematics/Physics/ComputerScience,English
1087,Gauthami Degree College,B.Sc,Mathematics/Stastitics/ComputerScience,English
1087,Gauthami Degree College,B.Sc,Microbiology/Biotechnology/Chemistry,English
1087,Gauthami Degree College,B.Sc,Microbiology/Genetics/Chemistry,English
1088,Gauthami Degree College,B.Com,ComputerApplication(Vocational),English
1088,Gauthami Degree College,B.Com,Computers,English
1088,Gauthami Degree College,B.Com,General,English
1088,Gauthami Degree College,B.Sc,Mathematics/Physics/ComputerScience,English
1088,Gauthami Degree College,B.Sc,Mathematics/Stastitics/ComputerScience,English
1088,Gauthami Degree College,B.Sc,Microbiology/Biotechnology/Chemistry,English
1088,Gauthami Degree College,B.Sc,Microbiology/Chemistry/ComputerApplns.,English
1089,G. Pulla Reddy Degree College,B.Com,Computers,English
1089,G. Pulla Reddy Degree College,B.Com,General,English
1089,G. Pulla Reddy Degree College,B.Sc,Mahtematics/Electronics/ComputerScience,English
1089,G. Pulla Reddy Degree College,B.Sc,Mathematics/Physics/ComputerScience,English
1089,G. Pulla Reddy Degree College,B.Sc,Mathematics/Stastitics/ComputerScience,English
1090,Geetanjali Degree College for Women,B.Com,Computers,English
1090,Geetanjali Degree College for Women,B.Com,General,English
1090,Geetanjali Degree College for Women,B.Com,General,Telugu
1090,Geetanjali Degree College for Women,B.Sc,Mathematics/Chemistry/ComputerApplications,English
1090,Geetanjali Degree College for Women,B.Sc,Mathematics/Physics/ComputerScience,English
1090,Geetanjali Degree College for Women,B.Sc,Mathematics/Stastitics/ComputerScience,English
1090,Geetanjali Degree College for Women,B.Sc,Microbiology/Biotechnology/Chemistry,English
1091,Gokul Degree College,B.Com,Computers,English
1091,Gokul Degree College,B.Com,General,English
1091,Gokul Degree College,B.Sc,Mathematics/Stastitics/ComputerScience,English
1093,Sree Venkateshwara Degree College,B.Com,Computers,English
1093,Sree Venkateshwara Degree College,B.Com,General,English
1093,Sree Venkateshwara Degree College,B.Sc,Mathematics/Stastitics/ComputerScience,English
1094,Haindavi Degree College,B.Com,ComputerApplication(Vocational),English
1094,Haindavi Degree College,B.Com,Computers,English
1094,Haindavi Degree College,B.Com,General,English
1095,HRD Degree College,B.Com,Computers,English
1095,HRD Degree College,B.Com,General,English
1095,HRD Degree College,B.Com,Hons.,English
1095,HRD Degree College,B.Sc,BioChemistry/Bio-Technology/Chemistry,English
1095,HRD Degree College,B.Sc,Chemistry/Microbiology/BioChemistry,English
1095,HRD Degree College,B.Sc,Mahtematics/Electronics/ComputerScience,English
1095,HRD Degree College,B.Sc,Mathemaics/Physics/Chemistry,English
1095,HRD Degree College,B.Sc,Mathemaics/Physics/Chemistry,Telugu
1095,HRD Degree College,B.Sc,Mathematics/Physics/ComputerScience,English
1095,HRD Degree College,B.Sc,Mathematics/Physics/Electronics,English
1095,HRD Degree College,B.Sc,Mathematics/Stastitics/ComputerScience,English
1095,HRD Degree College,B.Sc,Microbiology/Biotechnology/Chemistry,English
1095,HRD Degree College,B.Sc,Microbiology/Chemistry/ComputerApplns.,English
1096,Hindu Degree College for Women,B.Com,Computers,English
1096,Hindu Degree College for Women,B.Com,General,English
1096,Hindu Degree College for Women,B.Sc,Mahtematics/Electronics/ComputerScience,English
1096,Hindu Degree College for Women,B.Sc,Mathematics/Chemistry/ComputerScience,English
1096,Hindu Degree College for Women,B.Sc,Mathematics/Physics/ComputerScience,English
1096,Hindu Degree College for Women,B.Sc,Mathematics/Stastitics/ComputerScience,English
1096,Hindu Degree College for Women,B.Sc,Microbiology/Biotechnology/Chemistry,English
1096,Hindu Degree College for Women,B.Sc,Microbiology/Chemistry/ComputerApplns.,English
1099,Hellen Kellers Instiute of Mentally Disabled,B.Com,Computers,English
1099,Hellen Kellers Instiute of Mentally Disabled,B.Com,General,Telugu
1099,Hellen Kellers Instiute of Mentally Disabled,B.Sc,"Audio,Speech&LanguagePathology(ASLP)",English
1100,IIMC Degree College,B.Com,ComputerApplication(Vocational),English
1100,IIMC Degree College,B.Com,Computers,English
1100,IIMC Degree College,B.Com,General,English
1100,IIMC Degree College,B.Com,Hons.,English
1100,IIMC Degree College,B.Sc,Mathematics/Stastitics/ComputerScience,English
1100,IIMC Degree College,BBA,Bachelor of Business Administration,English
1101,Indira Priyadarshini Govt. Degree College for Women,B.A,Economics/Pol.Science/History,English
1101,Indira Priyadarshini Govt. Degree College for Women,B.A,Economics/Pol.Science/History,Telugu
1101,Indira Priyadarshini Govt. Degree College for Women,B.A,Economics/Pol.Science/History,Urdu
1101,Indira Priyadarshini Govt. Degree College for Women,B.Com,ComputerApplication(Vocational),English
1101,Indira Priyadarshini Govt. Degree College for Women,B.Com,ComputerApplication(Vocational),Telugu
1101,Indira Priyadarshini Govt. Degree College for Women,B.Com,ComputerApplication(Vocational),Urdu
1101,Indira Priyadarshini Govt. Degree College for Women,B.Com,General,English
1101,Indira Priyadarshini Govt. Degree College for Women,B.Com,General,Telugu
1101,Indira Priyadarshini Govt. Degree College for Women,B.Com,General,Urdu
1101,Indira Priyadarshini Govt. Degree College for Women,B.Com,TaxProcedures&Practices(Vocational),English
1101,Indira Priyadarshini Govt. Degree College for Women,B.Sc,Chemistry/Microbiology/BioChemistry,English
1102,Islamia Degree College,B.A,Economics/Pol.Science/PublicAdmn.,English
1102,Islamia Degree College,B.A,Economics/Pol.Science/PublicAdmn.,Urdu
1102,Islamia Degree College,B.A,History/Pol.Science/PublicAdministration,Urdu
1102,Islamia Degree College,B.Com,Computers,English
1102,Islamia Degree College,B.Com,General,English
1102,Islamia Degree College,B.Com,General,Urdu
1102,Islamia Degree College,B.Sc,Bio-Technology/Zoology/Chemistry,English
1102,Islamia Degree College,B.Sc,Botany/Chemistry/AppliedNutrition&PublicHealth,English
1102,Islamia Degree College,B.Sc,Botany/Zoology/Chemistry,English
1102,Islamia Degree College,B.Sc,Mathematics/Stastitics/ComputerScience,English
1102,Islamia Degree College,B.Sc,Microbiology/Botany/Chemistry,English
1102,Islamia Degree College,B.Sc,Zoology/Chemistry/Applied Nut & Public Health,English
1103,Indira Gandhi Degree College for Women,B.Com,Computers,English
1103,Indira Gandhi Degree College for Women,B.Com,General,English
1103,Indira Gandhi Degree College for Women,B.Sc,Mathematics/Stastitics/ComputerScience,English
1104,Ideal Degree College for women,B.Com,ComputerApplication(Vocational),English
1104,Ideal Degree College for women,B.Com,Computers,English
1104,Ideal Degree College for women,B.Com,General,English
1104,Ideal Degree College for women,B.Sc,BioChemistry/Bio-Technology/Chemistry,English
1104,Ideal Degree College for women,B.Sc,Chemistry/Microbiology/BioChemistry,English
1104,Ideal Degree College for women,B.Sc,Mahtematics/Electronics/ComputerScience,English
1104,Ideal Degree College for women,B.Sc,Mathematics/Physics/ComputerScience,English
1104,Ideal Degree College for women,B.Sc,Mathematics/Stastitics/ComputerScience,English
1104,Ideal Degree College for women,B.Sc,Microbiology/Biotechnology/Chemistry,English
1105,Jagruthi Degree College,B.Com,ComputerApplication(Vocational),English
1105,Jagruthi Degree College,B.Com,Computers,English
1105,Jagruthi Degree College,B.Com,General,English
1105,Jagruthi Degree College,B.Com,Hons.,English
1105,Jagruthi Degree College,B.Sc,Chemistry/Microbiology/BioChemistry,English
1105,Jagruthi Degree College,B.Sc,Mahtematics/Electronics/ComputerApplns.,English
1105,Jagruthi Degree College,B.Sc,Mahtematics/Electronics/ComputerScience,English
1105,Jagruthi Degree College,B.Sc,Mathemaics/Physics/Chemistry,English
1105,Jagruthi Degree College,B.Sc,Mathematics/Physics/ComputerApplns.,English
1105,Jagruthi Degree College,B.Sc,Mathematics/Physics/ComputerScience,English
1105,Jagruthi Degree College,B.Sc,Mathematics/Stastitics/ComputerScience,English
1105,Jagruthi Degree College,BBA,Bachelor of Business Administration,English
1106,Jahanavi Degree College,B.Com,Computers,English
1106,Jahanavi Degree College,B.Com,General,English
1106,Jahanavi Degree College,B.Sc,BioChemistry/Bio-Technology/Chemistry,English
1106,Jahanavi Degree College,B.Sc,Chemistry/Microbiology/BioChemistry,English
1106,Jahanavi Degree College,B.Sc,Mahtematics/Electronics/ComputerScience,English
1106,Jahanavi Degree College,B.Sc,Mathematics/Stastitics/ComputerScience,English
1106,Jahanavi Degree College,B.Sc,Microbiology/Biotechnology/Chemistry,English
1106,Jahanavi Degree College,BBA,Bachelor of Business Administration,English
1107,Jahanavi Degree College,B.Com,Computers,English
1107,Jahanavi Degree College,B.Com,General,English
1107,Jahanavi Degree College,B.Sc,Chemistry/Microbiology/BioChemistry,English
1107,Jahanavi Degree College,B.Sc,Mathematics/Stastitics/ComputerScience,English
1107,Jahanavi Degree College,B.Sc,Microbiology/Biotechnology/Chemistry,English
1107,Jahanavi Degree College,BBA,Bachelor of Business Administration,English
1108,Jahanavi Degree College for Women,B.Com,Computers,English
1108,Jahanavi Degree College for Women,B.Com,General,English
1108,Jahanavi Degree College for Women,B.Sc,Chemistry/Microbiology/BioChemistry,English
1108,Jahanavi Degree College for Women,B.Sc,Microbiology/Biotechnology/Chemistry,English
1108,Jahanavi Degree College for Women,BBA,Bachelor of Business Administration,English
1109,Jagruthi Degree College,B.Com,Computers,English
1109,Jagruthi Degree College,B.Com,General,English
1109,Jagruthi Degree College,B.Sc,Mahtematics/Electronics/ComputerScience,English
1109,Jagruthi Degree College,B.Sc,Mathematics/Stastitics/ComputerScience,English
1109,Jagruthi Degree College,B.Sc,Microbiology/Biotechnology/Chemistry,English
1110,Keshav Memorial Institute of Commerce & Science,B.Com,ComputerApplication(Vocational),English
1110,Keshav Memorial Institute of Commerce & Science,B.Com,Computers,English
1110,Keshav Memorial Institute of Commerce & Science,B.Com,General,English
1110,Keshav Memorial Institute of Commerce & Science,B.Com,Hons.,English
1110,Keshav Memorial Institute of Commerce & Science,B.Sc,Mathemaics/Physics/Chemistry,English
1110,Keshav Memorial Institute of Commerce & Science,B.Sc,Mathematics/Physics/ComputerScience,English
1110,Keshav Memorial Institute of Commerce & Science,B.Sc,Mathematics/Stastitics/ComputerScience,English
1110,Keshav Memorial Institute of Commerce & Science,B.Sc,Microbiology/Biotechnology/Chemistry,English
1111,Kasturba Gandhi Degree College for Women,B.A,Economics/Pol.Science/PublicAdmn.,English
1111,Kasturba Gandhi Degree College for Women,B.A,Economics/Sociology/English,English
1111,Kasturba Gandhi Degree College for Women,B.A,Economics/Statistics/Mathematics,English
1111,Kasturba Gandhi Degree College for Women,B.A,History/Pol.Science/English,English
1111,Kasturba Gandhi Degree College for Women,B.Com,Computers,English
1111,Kasturba Gandhi Degree College for Women,B.Com,General,English
1111,Kasturba Gandhi Degree College for Women,B.Com,General,Telugu
1111,Kasturba Gandhi Degree College for Women,B.Com,TaxProcedures&Practices(Vocational),English
1111,Kasturba Gandhi Degree College for Women,B.Sc,BioTechnology/Botany/Chemistry,English
1111,Kasturba Gandhi Degree College for Women,B.Sc,Botany/Chemistry/ClinicalNutritionDietetics,English
1111,Kasturba Gandhi Degree College for Women,B.Sc,Botany/Zoology/Chemistry,English
1111,Kasturba Gandhi Degree College for Women,B.Sc,Mahtematics/Electronics/ComputerScience,English
1111,Kasturba Gandhi Degree College for Women,B.Sc,Mathemaics/Physics/Chemistry,English
1111,Kasturba Gandhi Degree College for Women,B.Sc,Mathematics/Chemistry/ComputerScience,English
1111,Kasturba Gandhi Degree College for Women,B.Sc,Mathematics/Physics/ComputerScience,English
1111,Kasturba Gandhi Degree College for Women,B.Sc,Mathematics/Stastitics/ComputerScience,English
1111,Kasturba Gandhi Degree College for Women,B.Sc,Microbiology/Biotechnology/Chemistry,English
1111,Kasturba Gandhi Degree College for Women,B.Sc,Microbiology/Botany/Chemistry,English
1111,Kasturba Gandhi Degree College for Women,B.Sc,Microbiology/Zoology/Chemistry,English
1111,Kasturba Gandhi Degree College for Women,B.Sc,Zoology/Chemistry/ClinicalNutrition&Dietetics,English
1112,KEN Degree College,B.Com,Computers,English
1112,KEN Degree College,B.Com,General,English
1112,KEN Degree College,B.Com,General,Telugu
1113,K.V. Ranga Reddy Degree College for Women,B.Com,Computers,English
1113,K.V. Ranga Reddy Degree College for Women,B.Com,General,English
1113,K.V. Ranga Reddy Degree College for Women,B.Sc,Botany/Zoology/Chemistry,English
1113,K.V. Ranga Reddy Degree College for Women,B.Sc,Chemistry/Microbiology/BioChemistry,English
1113,K.V. Ranga Reddy Degree College for Women,B.Sc,Mahtematics/Electronics/ComputerScience,English
1113,K.V. Ranga Reddy Degree College for Women,B.Sc,Mathematics/Physics/ComputerScience,English
1113,K.V. Ranga Reddy Degree College for Women,B.Sc,Mathematics/Stastitics/ComputerScience,English
1113,K.V. Ranga Reddy Degree College for Women,B.Sc,Microbiology/Biotechnology/Chemistry,English
1114,Sree Uma Degree college,B.Com,Computers,English
1114,Sree Uma Degree college,B.Com,General,English
1114,Sree Uma Degree college,B.Sc,Mahtematics/Electronics/ComputerScience,English
1114,Sree Uma Degree college,B.Sc,Mathematics/Stastitics/ComputerScience,English
1115,Kakitya Degree College,B.Com,Computers,English
1115,Kakitya Degree College,B.Com,General,English
1115,Kakitya Degree College,B.Sc,Mahtematics/Electronics/ComputerScience,English
1115,Kakitya Degree College,B.Sc,Mathematics/Stastitics/ComputerScience,English
1116,L.N. Gupta Degree college,B.Com,Computers,English
1116,L.N. Gupta Degree college,B.Com,General,English
1116,L.N. Gupta Degree college,B.Sc,Botany/Zoology/Chemistry,English
1116,L.N. Gupta Degree college,B.Sc,Mathemaics/Physics/Chemistry,English
1116,L.N. Gupta Degree college,B.Sc,Mathematics/Stastitics/ComputerScience,English
1116,L.N. Gupta Degree college,B.Sc,Microbiology/Botany/Chemistry,English
1116,L.N. Gupta Degree college,B.Sc,Microbiology/Zoology/Chemistry,English
1118,Lal Bahadur Degree College,B.Com,Computers,English
1118,Lal Bahadur Degree College,B.Com,ForeignTradePractises&Proceduret(Vocational),English
1118,Lal Bahadur Degree College,B.Com,General,English
1118,Lal Bahadur Degree College,B.Com,General,Telugu
1118,Lal Bahadur Degree College,B.Com,Hons.,English
1119,ANURAG DEGREE & P G COLLEGE,B.Com,Computers,English
1119,ANURAG DEGREE & P G COLLEGE,B.Com,General,English
1119,ANURAG DEGREE & P G COLLEGE,B.Sc,Mahtematics/Electronics/ComputerScience,English
1119,ANURAG DEGREE & P G COLLEGE,B.Sc,Mathematics/Physics/ComputerScience,English
1119,ANURAG DEGREE & P G COLLEGE,B.Sc,Mathematics/Stastitics/ComputerScience,English
1120,Little Flower Degree college,B.Com,Computers,English
1120,Little Flower Degree college,B.Com,General,English
1120,Little Flower Degree college,B.Sc,Mahtematics/Electronics/ComputerScience,English
1120,Little Flower Degree college,B.Sc,Mathematics/Physics/ComputerScience,English
1120,Little Flower Degree college,B.Sc,Mathematics/Physics/Electronics,English
1120,Little Flower Degree college,B.Sc,Mathematics/Stastitics/ComputerScience,English
1121,Matrusree College of Graduate Studies,B.Com,Computers,English
1121,Matrusree College of Graduate Studies,B.Com,General,English
1121,Matrusree College of Graduate Studies,B.Sc,BioChemistry/Bio-Technology/Chemistry,English
1121,Matrusree College of Graduate Studies,B.Sc,Mahtematics/Electronics/ComputerScience,English
1121,Matrusree College of Graduate Studies,B.Sc,Mathematics/Stastitics/ComputerScience,English
1121,Matrusree College of Graduate Studies,B.Sc,Microbiology/Biotechnology/Chemistry,English
1121,Matrusree College of Graduate Studies,B.Sc,Microbiology/Chemistry/ComputerApplns.,English
1122,Mumtaz Degree College,B.Com,Computers,English
1122,Mumtaz Degree College,B.Com,General,English
1122,Mumtaz Degree College,B.Sc,Bio-Technology/Zoology/Chemistry,English
1122,Mumtaz Degree College,B.Sc,Botany/Geology/Chemistry,English
1122,Mumtaz Degree College,B.Sc,Botany/Zoology/Chemistry,English
1122,Mumtaz Degree College,B.Sc,Botany/Zoology/Chemistry,Urdu
1122,Mumtaz Degree College,B.Sc,Mahtematics/Electronics/ComputerScience,English
1122,Mumtaz Degree College,B.Sc,Mathemaics/Physics/Chemistry,English
1122,Mumtaz Degree College,B.Sc,Mathematics/Physics/ComputerScience,English
1122,Mumtaz Degree College,B.Sc,Mathematics/Physics/Electronics,English
1122,Mumtaz Degree College,B.Sc,Mathematics/Physics/Geology,English
1122,Mumtaz Degree College,B.Sc,Mathematics/Stastitics/ComputerScience,English
1122,Mumtaz Degree College,B.Sc,Microbiology/Biotechnology/Chemistry,English
1122,Mumtaz Degree College,B.Sc,Microbiology/Botany/Chemistry,English
1123,MNR Degree College,B.Com,Computers,English
1123,MNR Degree College,B.Com,General,English
1123,MNR Degree College,B.Sc,Mahtematics/Electronics/ComputerScience,English
1123,MNR Degree College,B.Sc,Mathemaics/Physics/Chemistry,English
1123,MNR Degree College,B.Sc,Mathematics/Chemistry/ComputerScience,English
1123,MNR Degree College,B.Sc,Mathematics/Physics/ComputerScience,English
1123,MNR Degree College,B.Sc,Mathematics/Physics/Electronics,English
1123,MNR Degree College,B.Sc,Mathematics/Stastitics/ComputerScience,English
1123,MNR Degree College,B.Sc,Microbiology/Biotechnology/Chemistry,English
1123,MNR Degree College,B.Sc,Microbiology/Genetics/Chemistry,English
1124,Musheerabad Degree College for Women,B.Com,Computers,English
1124,Musheerabad Degree College for Women,B.Com,General,English
1125,Methodist Degree College,B.Com,Computers,English
1125,Methodist Degree College,B.Com,General,English
1126,Madina Degree College,B.Com,Computers,English
1126,Madina Degree College,B.Com,General,English
1126,Madina Degree College,B.Sc,Botany/Chemistry/AppliedNutrition&PublicHealth,English
1126,Madina Degree College,B.Sc,Mathematics/Physics/ComputerScience,English
1126,Madina Degree College,B.Sc,Microbiology/Biotechnology/Chemistry,English
1126,Madina Degree College,B.Sc,Zoology/Chemistry/AppliedNutrition,English
1127,Mahaboob Degree College,B.Com,Computers,English
1127,Mahaboob Degree College,B.Com,General,English
1128,Maitreyi Womens degree College,B.Com,Computers,English
1128,Maitreyi Womens degree College,B.Com,General,English
1128,Maitreyi Womens degree College,B.Sc,Mathematics/Physics/ComputerScience,English
1128,Maitreyi Womens degree College,B.Sc,Microbiology/Biotechnology/Chemistry,English
1128,Maitreyi Womens degree College,B.Sc,Microbiology/Chemistry/ComputerApplns.,English
1129,Visinoary Degree College,B.Com,Computers,English
1129,Visinoary Degree College,B.Com,General,English
1130,Mega Womens Degree College,B.Com,ComputerApplication(Vocational),English
1130,Mega Womens Degree College,B.Com,Computers,English
1130,Mega Womens Degree College,B.Com,General,English
1130,Mega Womens Degree College,B.Com,General,Telugu
1130,Mega Womens Degree College,B.Sc,Mathematics/Physics/ComputerScience,English
1130,Mega Womens Degree College,B.Sc,Mathematics/Stastitics/ComputerScience,English
1130,Mega Womens Degree College,B.Sc,Microbiology/Biotechnology/Chemistry,English
1131,ROYAL DEGREE COLLEGE,B.Com,ComputerApplication(Vocational),English
1131,ROYAL DEGREE COLLEGE,B.Com,Computers,English
1131,ROYAL DEGREE COLLEGE,B.Com,General,English
1131,ROYAL DEGREE COLLEGE,B.Sc,Mahtematics/Electronics/ComputerScience,English
1131,ROYAL DEGREE COLLEGE,B.Sc,Mathematics/Stastitics/ComputerScience,English
1132,Mesco Degree College,B.Com,Computers,English
1132,Mesco Degree College,B.Com,General,English
1133,Cognizant Degree College,B.Com,ComputerApplication(Vocational),English
1133,Cognizant Degree College,B.Com,Computers,English
1133,Cognizant Degree College,B.Com,General,English
1133,Cognizant Degree College,B.Sc,Mahtematics/Electronics/ComputerScience,English
1133,Cognizant Degree College,B.Sc,Mathematics/Stastitics/ComputerScience,English
1134,Megana Degree College,B.Com,Computers,English
1134,Megana Degree College,B.Com,General,English
1134,Megana Degree College,B.Sc,Chemistry/Microbiology/BioChemistry,English
1134,Megana Degree College,B.Sc,Mahtematics/Electronics/ComputerScience,English
1134,Megana Degree College,B.Sc,Mathematics/Physics/ComputerScience,English
1134,Megana Degree College,B.Sc,Microbiology/Biotechnology/Chemistry,English
1135,N.B. Science Degree College,B.Sc,Botany/Zoology/Chemistry,English
1135,N.B. Science Degree College,B.Sc,Botany/Zoology/Chemistry,Telugu
1135,N.B. Science Degree College,B.Sc,Mathemaics/Physics/Chemistry,English
1135,N.B. Science Degree College,B.Sc,Mathematics/Physics/ComputerScience,English
1136,New Siddhartha Degree College for Women,B.A,Economics/Pol.Science/English ML,English
1136,New Siddhartha Degree College for Women,B.Com,Computers,English
1136,New Siddhartha Degree College for Women,B.Com,General,English
1136,New Siddhartha Degree College for Women,B.Sc,Mahtematics/Electronics/ComputerScience,English
1136,New Siddhartha Degree College for Women,B.Sc,Mathemaics/Physics/Chemistry,Telugu
1136,New Siddhartha Degree College for Women,B.Sc,Mathematics/Stastitics/ComputerScience,English
1137,National Degree College,B.Com,Computers,English
1137,National Degree College,B.Com,General,English
1137,National Degree College,B.Sc,BioChemistry/Bio-Technology/Chemistry,English
1137,National Degree College,B.Sc,Mahtematics/Electronics/ComputerScience,English
1137,National Degree College,B.Sc,Mathematics/Stastitics/ComputerScience,English
1137,National Degree College,B.Sc,Microbiology/Biotechnology/Chemistry,English
1138,R.K.Degree College,B.Com,ComputerApplication(Vocational),English
1138,R.K.Degree College,B.Com,Computers,English
1138,R.K.Degree College,B.Com,General,English
1139,New Science Degree College,B.Com,Computers,English
1139,New Science Degree College,B.Com,General,English
1139,New Science Degree College,B.Sc,Botany/Zoology/Chemistry,English
1139,New Science Degree College,B.Sc,Mahtematics/Electronics/ComputerScience,English
1139,New Science Degree College,B.Sc,Mathemaics/Physics/Chemistry,English
1139,New Science Degree College,B.Sc,Mathematics/Stastitics/ComputerScience,English
1140,New Govt. Degree College,B.A,Economics/Pol.Science/History,Telugu
1140,New Govt. Degree College,B.Com,ComputerApplication(Vocational),English
1140,New Govt. Degree College,B.Com,General,English
1140,New Govt. Degree College,B.Com,General,Telugu
1140,New Govt. Degree College,B.Com,TaxProcedures&Practices(Vocational),English
1140,New Govt. Degree College,B.Sc,Botany/Zoology/Chemistry,English
1140,New Govt. Degree College,B.Sc,Botany/Zoology/Chemistry,Telugu
1140,New Govt. Degree College,B.Sc,Mathemaics/Physics/Chemistry,English
1140,New Govt. Degree College,B.Sc,Mathemaics/Physics/Chemistry,Telugu
1140,New Govt. Degree College,B.Sc,Mathematics/Physics/ComputerScience,English
1141,Nruputunga Degree College,B.Com,Computers,English
1141,Nruputunga Degree College,B.Com,General,English
1141,Nruputunga Degree College,B.Sc,Mahtematics/Electronics/ComputerScience,English
1141,Nruputunga Degree College,B.Sc,Mathematics/Stastitics/ComputerScience,English
1142,Noble Degree College,B.A,Economics/Pol.Science/PublicAdmn.,English
1142,Noble Degree College,B.A,History/ Public Administration/ Geography,English
1142,Noble Degree College,B.Com,ComputerApplication(Vocational),English
1142,Noble Degree College,B.Com,Computers,English
1142,Noble Degree College,B.Com,General,English
1142,Noble Degree College,B.Com,General,Telugu
1142,Noble Degree College,B.Sc,Botany/Zoology/Chemistry,English
1142,Noble Degree College,B.Sc,Botany/Zoology/Chemistry,Telugu
1142,Noble Degree College,B.Sc,Mahtematics/Electronics/ComputerScience,English
1142,Noble Degree College,B.Sc,Mathemaics/Physics/Chemistry,English
1142,Noble Degree College,B.Sc,Mathemaics/Physics/Chemistry,Telugu
1142,Noble Degree College,B.Sc,Mathematics/Physics/ComputerScience,English
1142,Noble Degree College,B.Sc,Mathematics/Stastitics/ComputerScience,English
1142,Noble Degree College,B.Sc,Microbiology/Biotechnology/Chemistry,English
1142,Noble Degree College,B.Sc,Microbiology/Zoology/Chemistry,English
1143,Pasha New Noble Degree College,B.Com,Computers,English
1143,Pasha New Noble Degree College,B.Com,General,English
1143,Pasha New Noble Degree College,B.Sc,BioChemistry/Bio-Technology/Chemistry,English
1143,Pasha New Noble Degree College,B.Sc,Mahtematics/Electronics/ComputerScience,English
1143,Pasha New Noble Degree College,B.Sc,Mathematics/Chemistry/ComputerScience,English
1143,Pasha New Noble Degree College,B.Sc,Mathematics/Physics/ComputerScience,English
1143,Pasha New Noble Degree College,B.Sc,Mathematics/Stastitics/ComputerScience,English
1143,Pasha New Noble Degree College,B.Sc,Microbiology/Biotechnology/Chemistry,English
1143,Pasha New Noble Degree College,B.Sc,Microbiology/Chemistry/ComputerApplns.,English
1143,Pasha New Noble Degree College,BBA,Bachelor of Business Administration,English
1144,New Scholars Degree College,B.Com,Computers,English
1144,New Scholars Degree College,B.Com,General,English
1144,New Scholars Degree College,B.Com,General,Telugu
1144,New Scholars Degree College,B.Sc,Mahtematics/Electronics/ComputerScience,English
1144,New Scholars Degree College,B.Sc,Mathemaics/Physics/Chemistry,English
1144,New Scholars Degree College,B.Sc,Mathemaics/Physics/Chemistry,Telugu
1144,New Scholars Degree College,B.Sc,Mathematics/Physics/ComputerScience,English
1144,New Scholars Degree College,B.Sc,Mathematics/Stastitics/ComputerScience,English
1144,New Scholars Degree College,B.Sc,Microbiology/Biotechnology/Chemistry,English
1145,Vasundara Degree College (Co-Ed) 5-12- 236/1/A Mangapuram,B.Com,Computers,English
1145,Vasundara Degree College (Co-Ed) 5-12- 236/1/A Mangapuram,B.Com,General,English
1145,Vasundara Degree College (Co-Ed) 5-12- 236/1/A Mangapuram,B.Sc,BioChemistry/Bio-Technology/Chemistry,English
1145,Vasundara Degree College (Co-Ed) 5-12- 236/1/A Mangapuram,B.Sc,Mahtematics/Electronics/ComputerScience,English
1145,Vasundara Degree College (Co-Ed) 5-12- 236/1/A Mangapuram,B.Sc,Mathemaics/Physics/Chemistry,English
1145,Vasundara Degree College (Co-Ed) 5-12- 236/1/A Mangapuram,B.Sc,Mathematics/Physics/ComputerScience,English
1145,Vasundara Degree College (Co-Ed) 5-12- 236/1/A Mangapuram,B.Sc,Mathematics/Stastitics/ComputerScience,English
1145,Vasundara Degree College (Co-Ed) 5-12- 236/1/A Mangapuram,B.Sc,Microbiology/Chemistry/ComputerApplns.,English
1148,Nava Chaitanya Degree College,B.Com,ComputerApplication(Vocational),English
1148,Nava Chaitanya Degree College,B.Com,Computers,English
1148,Nava Chaitanya Degree College,B.Com,General,English
1148,Nava Chaitanya Degree College,B.Com,General,Telugu
1150,New Silver Jubilee Degree College,B.Com,Computers,English
1150,New Silver Jubilee Degree College,B.Com,General,English
1150,New Silver Jubilee Degree College,B.Sc,Mathemaics/Physics/Chemistry,English
1151,Omega Degree College,B.Com,ComputerApplication(Vocational),English
1151,Omega Degree College,B.Com,Computers,English
1151,Omega Degree College,B.Com,General,English
1151,Omega Degree College,B.Sc,Mathematics/Physics/ComputerScience,English
1151,Omega Degree College,B.Sc,Mathematics/Stastitics/ComputerScience,English
1152,Omega Degree College,B.Com,ComputerApplication(Vocational),English
1152,Omega Degree College,B.Com,Computers,English
1152,Omega Degree College,B.Com,General,English
1152,Omega Degree College,B.Sc,Mahtematics/Electronics/ComputerScience,English
1152,Omega Degree College,B.Sc,Mathematics/Stastitics/ComputerScience,English
1152,Omega Degree College,B.Sc,Microbiology/Biotechnology/Chemistry,English
1153,Pioneer Degree College,B.Com,Computers,English
1153,Pioneer Degree College,B.Com,General,English
1153,Pioneer Degree College,B.Sc,Mathematics/Physics/ComputerScience,English
1153,Pioneer Degree College,B.Sc,Mathematics/Stastitics/ComputerScience,English
1153,Pioneer Degree College,B.Sc,Microbiology/Biotechnology/Chemistry,English
1154,Pragathi Degree College for Women,B.Com,Computers,English
1154,Pragathi Degree College for Women,B.Com,General,English
1154,Pragathi Degree College for Women,B.Com,General,Telugu
1154,Pragathi Degree College for Women,B.Sc,Botany/Zoology/Chemistry,English
1154,Pragathi Degree College for Women,B.Sc,Chemistry/Microbiology/BioChemistry,English
1154,Pragathi Degree College for Women,B.Sc,Mahtematics/Electronics/ComputerScience,English
1154,Pragathi Degree College for Women,B.Sc,Mathematics/Chemistry/ComputerApplications,English
1154,Pragathi Degree College for Women,B.Sc,Mathematics/Stastitics/ComputerScience,English
1154,Pragathi Degree College for Women,B.Sc,Microbiology/Biotechnology/Chemistry,English
1154,Pragathi Degree College for Women,B.Sc,Microbiology/Chemistry/ComputerApplns.,English
1155,Pragathi Degree college (Co-Ed.,B.Com,ComputerApplication(Vocational),English
1155,Pragathi Degree college (Co-Ed.,B.Com,Computers,English
1155,Pragathi Degree college (Co-Ed.,B.Com,General,English
1155,Pragathi Degree college (Co-Ed.,B.Com,General,Telugu
1155,Pragathi Degree college (Co-Ed.,B.Sc,Mahtematics/Electronics/ComputerScience,English
1155,Pragathi Degree college (Co-Ed.,B.Sc,Mathematics/Chemistry/ComputerApplications,English
1155,Pragathi Degree college (Co-Ed.,B.Sc,Mathematics/Physics/ComputerScience,English
1155,Pragathi Degree college (Co-Ed.,B.Sc,Mathematics/Stastitics/ComputerScience,English
1155,Pragathi Degree college (Co-Ed.,B.Sc,Microbiology/Chemistry/ComputerApplns.,English
1156,Pragathi Degree College for Women,B.Com,Computers,English
1156,Pragathi Degree College for Women,B.Com,General,English
1156,Pragathi Degree College for Women,B.Com,General,Telugu
1156,Pragathi Degree College for Women,B.Sc,Botany/Zoology/Chemistry,English
1156,Pragathi Degree College for Women,B.Sc,Botany/Zoology/Chemistry,Telugu
1156,Pragathi Degree College for Women,B.Sc,Mahtematics/Electronics/ComputerScience,English
1156,Pragathi Degree College for Women,B.Sc,Mathemaics/Physics/Chemistry,English
1156,Pragathi Degree College for Women,B.Sc,Mathemaics/Physics/Chemistry,Telugu
1156,Pragathi Degree College for Women,B.Sc,Mathematics/Physics/ComputerScience,English
1156,Pragathi Degree College for Women,B.Sc,Mathematics/Stastitics/ComputerScience,English
1156,Pragathi Degree College for Women,B.Sc,Microbiology/Biotechnology/Chemistry,English
1156,Pragathi Degree College for Women,B.Sc,Microbiology/Chemistry/ComputerApplns.,English
1156,Pragathi Degree College for Women,B.Sc,Microbiology/Genetics/Chemistry,English
1157,Pragathi Mahavidyalaya Degree College,B.Com,Computers,English
1157,Pragathi Mahavidyalaya Degree College,B.Com,General,English
1157,Pragathi Mahavidyalaya Degree College,B.Com,General,Telugu
1157,Pragathi Mahavidyalaya Degree College,B.Com,TaxProcedures&Practices(Vocational),English
1157,Pragathi Mahavidyalaya Degree College,B.Sc,Mahtematics/Electronics/ComputerScience,English
1157,Pragathi Mahavidyalaya Degree College,B.Sc,Mathematics/Physics/ComputerScience,English
1157,Pragathi Mahavidyalaya Degree College,B.Sc,Mathematics/Physics/Electronics,English
1157,Pragathi Mahavidyalaya Degree College,B.Sc,Mathematics/Stastitics/ComputerScience,English
1157,Pragathi Mahavidyalaya Degree College,BBA,Bachelor of Business Administration,English
1158,Princenton Degree College,B.Com,Computers,English
1158,Princenton Degree College,B.Com,General,English
1158,Princenton Degree College,B.Sc,BioChemistry/Bio-Technology/Chemistry,English
1158,Princenton Degree College,B.Sc,Mahtematics/Electronics/ComputerScience,English
1158,Princenton Degree College,B.Sc,Mathemaics/Physics/Chemistry,English
1158,Princenton Degree College,B.Sc,Mathematics/Physics/ComputerScience,English
1158,Princenton Degree College,B.Sc,Mathematics/Stastitics/ComputerScience,English
1158,Princenton Degree College,B.Sc,Microbiology/Biotechnology/Chemistry,English
1159,Princess Shehkar Degree College for Women,B.A,Economics/Pol.Science/PublicAdmn.,English
1159,Princess Shehkar Degree College for Women,B.A,Economics/Sociology/Urdu,English
1159,Princess Shehkar Degree College for Women,B.A,History/Pol.Science/PublicAdministration,English
1159,Princess Shehkar Degree College for Women,B.A,History/Pol.Science/PublicAdministration,Urdu
1159,Princess Shehkar Degree College for Women,B.A,History/Pol.Science/Urdu,Urdu
1159,Princess Shehkar Degree College for Women,B.A,History/Sociology/PublicAdministration,English
1159,Princess Shehkar Degree College for Women,B.A,History/Sociology/PublicAdministration,Urdu
1159,Princess Shehkar Degree College for Women,B.A,Sociology/Arabic/Urdu,Urdu
1159,Princess Shehkar Degree College for Women,B.Com,General,English
1159,Princess Shehkar Degree College for Women,B.Com,General,Urdu
1159,Princess Shehkar Degree College for Women,B.Sc,Botany/Zoology/Chemistry,English
1159,Princess Shehkar Degree College for Women,B.Sc,Mathemaics/Physics/Chemistry,English
1160,Priyadarshini Degree College,B.Com,Computers,English
1160,Priyadarshini Degree College,B.Com,General,English
1161,Pratibha Degree College,B.Com,ComputerApplication(Vocational),English
1161,Pratibha Degree College,B.Com,Computers,English
1161,Pratibha Degree College,B.Com,General,English
1161,Pratibha Degree College,B.Sc,BioChemistry/Bio-Technology/Chemistry,English
1161,Pratibha Degree College,B.Sc,Mahtematics/Electronics/ComputerScience,English
1161,Pratibha Degree College,B.Sc,Mathemaics/Physics/Chemistry,English
1161,Pratibha Degree College,B.Sc,Mathematics/Chemistry/ComputerScience,English
1161,Pratibha Degree College,B.Sc,Mathematics/Stastitics/ComputerScience,English
1161,Pratibha Degree College,B.Sc,Microbiology/Biotechnology/Chemistry,English
1162,Priyanka Degree College for Women,B.Com,Computers,English
1162,Priyanka Degree College for Women,B.Com,General,English
1162,Priyanka Degree College for Women,B.Sc,Mathematics/Stastitics/ComputerScience,English
1163,Sri Ram Degree College,B.A,Economics/Pol.Science/Geography,English
1163,Sri Ram Degree College,B.A,Economics/Pol.Science/History,English
1163,Sri Ram Degree College,B.Com,Computers,English
1163,Sri Ram Degree College,B.Com,General,English
1163,Sri Ram Degree College,B.Sc,Mahtematics/Electronics/ComputerScience,English
1163,Sri Ram Degree College,B.Sc,Mathematics/Stastitics/ComputerScience,English
1164,Siddhartha Degree & P.G. College,B.A,Economics/Pol.Science/Psycology,English
1164,Siddhartha Degree & P.G. College,B.Com,ComputerApplication(Vocational),English
1164,Siddhartha Degree & P.G. College,B.Com,Computers,English
1164,Siddhartha Degree & P.G. College,B.Com,General,English
1164,Siddhartha Degree & P.G. College,B.Sc,Mahtematics/Electronics/ComputerScience,English
1164,Siddhartha Degree & P.G. College,B.Sc,Mathematics/Physics/ComputerScience,English
1164,Siddhartha Degree & P.G. College,B.Sc,Mathematics/Stastitics/ComputerScience,English
1164,Siddhartha Degree & P.G. College,B.Sc,Microbiology/Biotechnology/Chemistry,English
1165,Vasundara Degree college (Co-Ed),B.Com,Computers,English
1165,Vasundara Degree college (Co-Ed),B.Com,General,English
1165,Vasundara Degree college (Co-Ed),B.Sc,Mahtematics/Electronics/ComputerScience,English
1165,Vasundara Degree college (Co-Ed),B.Sc,Mathemaics/Physics/Chemistry,English
1165,Vasundara Degree college (Co-Ed),B.Sc,Mathematics/Physics/ComputerScience,English
1165,Vasundara Degree college (Co-Ed),B.Sc,Mathematics/Stastitics/ComputerScience,English
1165,Vasundara Degree college (Co-Ed),B.Sc,Microbiology/Chemistry/ComputerApplns.,English
1166,Radhe Krishna Degree college,B.Com,Computers,English
1166,Radhe Krishna Degree college,B.Com,General,English
1167,Railway Degree College,B.A,Economics/Pol.Science/PublicAdmn.,English
1167,Railway Degree College,B.Com,Computers,English
1167,Railway Degree College,B.Com,General,English
1167,Railway Degree College,B.Com,TaxProcedures&Practices(Vocational),English
1167,Railway Degree College,B.Sc,Mathemaics/Physics/Chemistry,English
1167,Railway Degree College,B.Sc,Mathematics/Stastitics/ComputerScience,English
1168,RGR Siddhanthi degree College,B.Com,Computers,English
1168,RGR Siddhanthi degree College,B.Com,General,English
1168,RGR Siddhanthi degree College,B.Sc,BioChemistry/Bio-Technology/Chemistry,English
1168,RGR Siddhanthi degree College,B.Sc,Mathematics/Physics/ComputerScience,English
1168,RGR Siddhanthi degree College,B.Sc,Mathematics/Stastitics/ComputerScience,English
1168,RGR Siddhanthi degree College,B.Sc,Microbiology/Biotechnology/Chemistry,English
1169,Rishi Degree College,B.Com,Computers,English
1169,Rishi Degree College,B.Com,General,English
1169,Rishi Degree College,B.Sc,Mathematics/Physics/ComputerScience,English
1169,Rishi Degree College,B.Sc,Mathematics/Stastitics/ComputerScience,English
1169,Rishi Degree College,BBA,Bachelor of Business Administration,English
1170,R.G. Kedia Degree College,B.Com,Computers,English
1170,R.G. Kedia Degree College,B.Com,General,English
1170,R.G. Kedia Degree College,B.Com,Hons.,English
1170,R.G. Kedia Degree College,B.Sc,Mahtematics/Electronics/ComputerScience,English
1170,R.G. Kedia Degree College,B.Sc,Mathematics/Stastitics/ComputerScience,English
1170,R.G. Kedia Degree College,BBA,Bachelor of Business Administration,English
1173,Rishi UBR Degree College for Women,B.Com,Computers,English
1173,Rishi UBR Degree College for Women,B.Com,General,English
1173,Rishi UBR Degree College for Women,B.Sc,Mahtematics/Electronics/ComputerScience,English
1173,Rishi UBR Degree College for Women,B.Sc,Mathematics/Physics/ComputerScience,English
1173,Rishi UBR Degree College for Women,B.Sc,Mathematics/Stastitics/ComputerScience,English
1173,Rishi UBR Degree College for Women,B.Sc,Microbiology/Botany/Chemistry,English
1173,Rishi UBR Degree College for Women,B.Sc,Microbiology/Genetics/Chemistry,English
1174,S.D. Signodia Degree College,B.Com,Computers,English
1174,S.D. Signodia Degree College,B.Com,General,English
1175,S.N. Vanitha Degree College,B.A,Economics/Pol.Science/PublicAdmn.,English
1175,S.N. Vanitha Degree College,B.A,Economics/Pol.Science/PublicAdmn.,Telugu
1175,S.N. Vanitha Degree College,B.A,History/Pol.Science/English,English
1175,S.N. Vanitha Degree College,B.A,History/Pol.Science/Hindi,English
1175,S.N. Vanitha Degree College,B.A,History/Pol.Science/Telugu,Telugu
1175,S.N. Vanitha Degree College,B.A,History/Pol.Science/Urdu,English
1175,S.N. Vanitha Degree College,B.A,History/Sociology/PublicAdministration,English
1175,S.N. Vanitha Degree College,B.A,Sociology/Arabic/Urdu,English
1175,S.N. Vanitha Degree College,B.Com,Computers,English
1175,S.N. Vanitha Degree College,B.Com,General,English
1175,S.N. Vanitha Degree College,B.Sc,Botany/Zoology/Chemistry,English
1175,S.N. Vanitha Degree College,B.Sc,Botany/Zoology/Chemistry,Telugu
1175,S.N. Vanitha Degree College,B.Sc,Chemistry/AppliedNutrition&Pub.Health/BioChemnistry,English
1175,S.N. Vanitha Degree College,B.Sc,Mahtematics/Electronics/ComputerScience,English
1175,S.N. Vanitha Degree College,B.Sc,Mathemaics/Physics/Chemistry,English
1175,S.N. Vanitha Degree College,B.Sc,Mathematics/Physics/ComputerScience,English
1175,S.N. Vanitha Degree College,B.Sc,Microbiology/Botany/Chemistry,English
1175,S.N. Vanitha Degree College,B.Sc,Microbiology/Zoology/Chemistry,English
1176,Sai Sudhir Degree College,B.Com,Computers,English
1176,Sai Sudhir Degree College,B.Com,General,English
1176,Sai Sudhir Degree College,B.Sc,Mahtematics/Electronics/ComputerScience,English
1176,Sai Sudhir Degree College,B.Sc,Mathemaics/Physics/Chemistry,English
1176,Sai Sudhir Degree College,B.Sc,Mathematics/Physics/ComputerScience,English
1176,Sai Sudhir Degree College,B.Sc,Mathematics/Stastitics/ComputerScience,English
1176,Sai Sudhir Degree College,B.Sc,Microbiology/Biotechnology/Chemistry,English
1177,Samatha Degree College,B.Com,Computers,English
1177,Samatha Degree College,B.Com,General,English
1177,Samatha Degree College,B.Sc,Chemistry/Biochemistry/Biotechnology,English
1177,Samatha Degree College,B.Sc,Mahtematics/Electronics/ComputerScience,English
1179,Scholars Womens Degree College,B.A,Economics/Pol.Science/PublicAdmn.,Telugu
1179,Scholars Womens Degree College,B.Com,Computers,English
1179,Scholars Womens Degree College,B.Com,General,English
1179,Scholars Womens Degree College,B.Com,General,Telugu
1179,Scholars Womens Degree College,B.Sc,Mathematics/Stastitics/ComputerScience,English
1180,Shadan Degree College for Men,B.Com,Computers,English
1180,Shadan Degree College for Men,B.Com,General,English
1180,Shadan Degree College for Men,B.Com,Vocational(ForeignTrade),English
1180,Shadan Degree College for Men,B.Sc,Mahtematics/Electronics/ComputerScience,English
1180,Shadan Degree College for Men,B.Sc,Mathemaics/Physics/Chemistry,English
1180,Shadan Degree College for Men,B.Sc,Mathematics/Physics/ComputerScience,English
1180,Shadan Degree College for Men,B.Sc,Mathematics/Physics/Electronics,English
1180,Shadan Degree College for Men,B.Sc,Mathematics/Stastitics/ComputerScience,English
1180,Shadan Degree College for Men,B.Sc,Microbiology/Biotechnology/Chemistry,English
1180,Shadan Degree College for Men,B.Sc,Microbiology/Zoology/Chemistry,English
1181,Shadan Degree College for Women,B.A,Economics/PoliticalScinece/ComputerApplications,English
1181,Shadan Degree College for Women,B.A,History/Pol.Science/PublicAdministration,English
1181,Shadan Degree College for Women,B.A,Psychology/ Sociology/ English (ML),English
1181,Shadan Degree College for Women,B.A,Psychology/ Sociology/ Public Administration,English
1181,Shadan Degree College for Women,B.Com,Computers,English
1181,Shadan Degree College for Women,B.Com,General,English
1181,Shadan Degree College for Women,B.Sc,BioTechnology/Botany/Chemistry,English
1181,Shadan Degree College for Women,B.Sc,Bio-Technology/Zoology/Chemistry,English
1181,Shadan Degree College for Women,B.Sc,Botany/Chemistry/AppliedNutrition&PublicHealth,English
1181,Shadan Degree College for Women,B.Sc,Botany/Zoology/Chemistry,English
1181,Shadan Degree College for Women,B.Sc,Chemistry/Genetics/ComputerApplications,English
1181,Shadan Degree College for Women,B.Sc,Chemistry/Microbiology/BioChemistry,English
1181,Shadan Degree College for Women,B.Sc,Chemistry/Zoology/Genetics,English
1181,Shadan Degree College for Women,B.Sc,Mahtematics/Electronics/ComputerScience,English
1181,Shadan Degree College for Women,B.Sc,Mathematics/Physics/ComputerScience,English
1181,Shadan Degree College for Women,B.Sc,Mathematics/Stastitics/ComputerScience,English
1181,Shadan Degree College for Women,B.Sc,Microbiology/Botany/Chemistry,English
1181,Shadan Degree College for Women,B.Sc,Microbiology/Chemistry/ComputerApplns.,English
1181,Shadan Degree College for Women,B.Sc,Microbiology/Genetics/Chemistry,English
1181,Shadan Degree College for Women,B.Sc,Microbiology/Zoology/Chemistry,English
1181,Shadan Degree College for Women,B.Sc,Zoology/Chemistry/Applied Nut & Public Health,English
1182,Shantinikethan Degree College for Women,B.Com,Computers,English
1182,Shantinikethan Degree College for Women,B.Com,General,English
1182,Shantinikethan Degree College for Women,B.Sc,Mahtematics/Electronics/ComputerScience,English
1182,Shantinikethan Degree College for Women,B.Sc,Mathemaics/Physics/Chemistry,English
1182,Shantinikethan Degree College for Women,B.Sc,Mathematics/Physics/ComputerScience,English
1182,Shantinikethan Degree College for Women,B.Sc,Mathematics/Stastitics/ComputerScience,English
1182,Shantinikethan Degree College for Women,B.Sc,Microbiology/Biotechnology/Chemistry,English
1183,Saradha Degree College for Women,B.Com,Computers,English
1183,Saradha Degree College for Women,B.Com,General,English
1183,Saradha Degree College for Women,B.Com,General,Telugu
1183,Saradha Degree College for Women,B.Com,TaxProcedures&Practices(Vocational),English
1183,Saradha Degree College for Women,B.Sc,Mathematics/Stastitics/ComputerScience,English
1184,Shivani Womens Degree College,B.Com,Computers,English
1184,Shivani Womens Degree College,B.Com,General,English
1184,Shivani Womens Degree College,B.Com,General,Telugu
1184,Shivani Womens Degree College,B.Sc,Botany/Zoology/Chemistry,Telugu
1184,Shivani Womens Degree College,B.Sc,Mathematics/Physics/ComputerScience,English
1184,Shivani Womens Degree College,B.Sc,Mathematics/Stastitics/ComputerScience,English
1186,Siddhartha degree College,B.Com,Computers,English
1186,Siddhartha degree College,B.Com,General,English
1186,Siddhartha degree College,B.Sc,Botany/Zoology/Chemistry,English
1186,Siddhartha degree College,B.Sc,Chemistry/Microbiology/BioChemistry,English
1186,Siddhartha degree College,B.Sc,Mahtematics/Electronics/ComputerScience,English
1186,Siddhartha degree College,B.Sc,Mathemaics/Physics/Chemistry,Telugu
1186,Siddhartha degree College,B.Sc,Mathematics/Physics/ComputerScience,English
1186,Siddhartha degree College,B.Sc,Mathematics/Stastitics/ComputerScience,English
1186,Siddhartha degree College,B.Sc,Microbiology/Biotechnology/Chemistry,English
1187,Siddhartaha Degree College for Women,B.Com,Computers,English
1187,Siddhartaha Degree College for Women,B.Com,General,English
1187,Siddhartaha Degree College for Women,B.Com,General,Telugu
1187,Siddhartaha Degree College for Women,B.Sc,Mathemaics/Physics/Chemistry,English
1187,Siddhartaha Degree College for Women,B.Sc,Mathematics/Physics/ComputerScience,English
1187,Siddhartaha Degree College for Women,B.Sc,Mathematics/Stastitics/ComputerScience,English
1187,Siddhartaha Degree College for Women,B.Sc,Microbiology/Biotechnology/Chemistry,English
1187,Siddhartaha Degree College for Women,B.Sc,Microbiology/Chemistry/ComputerApplns.,English
1187,Siddhartaha Degree College for Women,B.Sc,Microbiology/Genetics/Chemistry,English
1188,S.N. Degree College,B.A,Econ1/PublicAdministration/ComputerApplications,English
1188,S.N. Degree College,B.A,Economics/Pol.Science/PublicAdmn.,English
1188,S.N. Degree College,B.Com,Computers,English
1188,S.N. Degree College,B.Com,General,English
1188,S.N. Degree College,B.Sc,Mathematics/Physics/ComputerScience,English
1188,S.N. Degree College,B.Sc,Mathematics/Stastitics/ComputerScience,English
1189,SP Degree College,B.A,Economics/Pol.Science/PublicAdmn.,English
1189,SP Degree College,B.A,Economics/Pol.Science/PublicAdmn.,Telugu
1189,SP Degree College,B.Com,ComputerApplication(Vocational),English
1189,SP Degree College,B.Com,Computers,English
1189,SP Degree College,B.Com,General,English
1189,SP Degree College,B.Com,General,Telugu
1189,SP Degree College,B.Sc,Botany/Zoology/Chemistry,English
1189,SP Degree College,B.Sc,Botany/Zoology/Chemistry,Telugu
1189,SP Degree College,B.Sc,Mathemaics/Physics/Chemistry,English
1189,SP Degree College,B.Sc,Mathematics/Physics/ComputerScience,English
1190,Sri Padmavathi Mahila Kalasala,B.Com,Computers,English
1190,Sri Padmavathi Mahila Kalasala,B.Com,General,English
1190,Sri Padmavathi Mahila Kalasala,B.Com,General,Telugu
1191,Spoorthy Degree & P.G. College,B.Com,Computers,English
1191,Spoorthy Degree & P.G. College,B.Com,General,English
1191,Spoorthy Degree & P.G. College,B.Sc,Mahtematics/Electronics/ComputerScience,English
1191,Spoorthy Degree & P.G. College,B.Sc,Mathemaics/Physics/Chemistry,English
1191,Spoorthy Degree & P.G. College,B.Sc,Mathematics/Physics/ComputerScience,English
1191,Spoorthy Degree & P.G. College,B.Sc,Mathematics/Stastitics/ComputerScience,English
1193,Sri Aurbindo Degree College,B.Com,Computers,English
1193,Sri Aurbindo Degree College,B.Com,General,English
1193,Sri Aurbindo Degree College,B.Sc,BioChemistry/Bio-Technology/Chemistry,English
1193,Sri Aurbindo Degree College,B.Sc,Chemistry/Microbiology/BioChemistry,English
1193,Sri Aurbindo Degree College,B.Sc,Mahtematics/Electronics/ComputerScience,English
1193,Sri Aurbindo Degree College,B.Sc,Mathemaics/Physics/Chemistry,English
1193,Sri Aurbindo Degree College,B.Sc,Mathematics/Physics/ComputerScience,English
1193,Sri Aurbindo Degree College,B.Sc,Microbiology/Chemistry/ComputerApplns.,English
1194,Sri Nagarjuna Degree College,B.Com,Computers,English
1194,Sri Nagarjuna Degree College,B.Com,General,English
1194,Sri Nagarjuna Degree College,B.Sc,BioChemistry/Bio-Technology/Chemistry,English
1194,Sri Nagarjuna Degree College,B.Sc,Mahtematics/Electronics/ComputerScience,English
1194,Sri Nagarjuna Degree College,B.Sc,Mathematics/Physics/ComputerScience,English
1194,Sri Nagarjuna Degree College,B.Sc,Mathematics/Physics/Electronics,English
1194,Sri Nagarjuna Degree College,B.Sc,Microbiology/Biotechnology/Chemistry,English
1195,Sri Gujarathi Vidya Mandir,B.Com,Computers,English
1195,Sri Gujarathi Vidya Mandir,B.Com,General,English
1197,Sri Pannalal Pitti Degree College for W,B.A,History/Pol.Science/Hindi,Hindi
1197,Sri Pannalal Pitti Degree College for W,B.Com,General,Hindi
1198,Sri Ramchandra Degree College,B.Com,Computers,English
1198,Sri Ramchandra Degree College,B.Com,General,English
1198,Sri Ramchandra Degree College,B.Com,General,Telugu
1198,Sri Ramchandra Degree College,B.Sc,Mahtematics/Electronics/ComputerScience,English
1198,Sri Ramchandra Degree College,B.Sc,Mathematics/Physics/ComputerScience,English
1199,Sri Sai Degree College,B.Com,Computers,English
1199,Sri Sai Degree College,B.Com,General,English
1199,Sri Sai Degree College,B.Sc,BioChemistry/Bio-Technology/Chemistry,English
1199,Sri Sai Degree College,B.Sc,Chemistry/Microbiology/BioChemistry,English
1199,Sri Sai Degree College,B.Sc,Mahtematics/Electronics/ComputerScience,English
1199,Sri Sai Degree College,B.Sc,Mathemaics/Physics/Chemistry,English
1199,Sri Sai Degree College,B.Sc,Mathematics/Physics/ComputerScience,English
1199,Sri Sai Degree College,B.Sc,Mathematics/Stastitics/ComputerScience,English
1199,Sri Sai Degree College,B.Sc,Microbiology/Biotechnology/Chemistry,English
1200,Sri Sai Vignan Bharathi Degree College,B.Com,Computers,English
1200,Sri Sai Vignan Bharathi Degree College,B.Com,General,English
1200,Sri Sai Vignan Bharathi Degree College,B.Sc,Mahtematics/Electronics/ComputerScience,English
1200,Sri Sai Vignan Bharathi Degree College,B.Sc,Mathematics/Stastitics/ComputerScience,English
1201,Bhagyaradhi Degree College,B.Com,ComputerApplication(Vocational),English
1201,Bhagyaradhi Degree College,B.Com,Computers,English
1201,Bhagyaradhi Degree College,B.Com,General,English
1201,Bhagyaradhi Degree College,B.Sc,Mathemaics/Physics/Chemistry,English
1201,Bhagyaradhi Degree College,B.Sc,Mathematics/Physics/ComputerScience,English
1201,Bhagyaradhi Degree College,B.Sc,Mathematics/Stastitics/ComputerScience,English
1202,Sri Shardha degree college for Women,B.Com,ComputerApplication(Vocational),English
1202,Sri Shardha degree college for Women,B.Com,Computers,English
1202,Sri Shardha degree college for Women,B.Com,General,English
1202,Sri Shardha degree college for Women,B.Sc,Mahtematics/Electronics/ComputerScience,English
1202,Sri Shardha degree college for Women,B.Sc,Mathematics/Stastitics/ComputerScience,English
1202,Sri Shardha degree college for Women,B.Sc,Microbiology/Biotechnology/Chemistry,English
1203,Sri Vani Degree College,B.A,Economics/ English (ML) Computer Applications,English
1203,Sri Vani Degree College,B.A,Economics/PoliticalScinece/ComputerApplications,English
1203,Sri Vani Degree College,B.Com,ComputerApplication(Vocational),English
1203,Sri Vani Degree College,B.Com,Computers,English
1203,Sri Vani Degree College,B.Com,General,English
1203,Sri Vani Degree College,B.Com,General,Telugu
1203,Sri Vani Degree College,B.Sc,BioChemistry/Bio-Technology/Chemistry,English
1203,Sri Vani Degree College,B.Sc,Botany/Zoology/Chemistry,English
1203,Sri Vani Degree College,B.Sc,Botany/Zoology/Chemistry,Telugu
1203,Sri Vani Degree College,B.Sc,Mathemaics/Physics/Chemistry,English
1203,Sri Vani Degree College,B.Sc,Mathemaics/Physics/Chemistry,Telugu
1203,Sri Vani Degree College,B.Sc,Mathematics/Physics/ComputerScience,English
1203,Sri Vani Degree College,B.Sc,Mathematics/Stastitics/ComputerScience,English
1203,Sri Vani Degree College,B.Sc,Microbiology/Chemistry/ComputerApplns.,English
1203,Sri Vani Degree College,B.Sc,Microbiology/Genetics/Chemistry,English
1203,Sri Vani Degree College,B.Sc,Microbiology/Zoology/Chemistry,English
1204,St. Anns Degree College for Women,B.A,Economics/Pol.Science/History,English
1204,St. Anns Degree College for Women,B.A,Economics/Pol.Science/Psycology,English
1204,St. Anns Degree College for Women,B.A,Economics/Pol.Science/PublicAdmn.,English
1204,St. Anns Degree College for Women,B.A,Economics/Sociology/PublicAdministration,English
1204,St. Anns Degree College for Women,B.A,Economics/Statistics/Mathematics,English
1204,St. Anns Degree College for Women,B.A,English/Psychology/Pol.Science,English
1204,St. Anns Degree College for Women,B.A,History/ Psychology/ English (ML),English
1204,St. Anns Degree College for Women,B.A,History/Pol.Science/English,English
1204,St. Anns Degree College for Women,B.A,History/Pol.Science/PublicAdministration,English
1204,St. Anns Degree College for Women,B.A,Philosophy/Sociology/English,English
1204,St. Anns Degree College for Women,B.Com,Computers,English
1204,St. Anns Degree College for Women,B.Com,ForeignTradePractises&Proceduret(Vocational),English
1204,St. Anns Degree College for Women,B.Com,General,English
1204,St. Anns Degree College for Women,B.Com,Hons.,English
1204,St. Anns Degree College for Women,B.Sc,BioChemistry/Bio-Technology/Chemistry,English
1204,St. Anns Degree College for Women,B.Sc,Botany/Chemistry/AppliedNutrition&PublicHealth,English
1204,St. Anns Degree College for Women,B.Sc,Botany/Zoology/Chemistry,English
1204,St. Anns Degree College for Women,B.Sc,Chemistry/Zoology/Genetics,English
1204,St. Anns Degree College for Women,B.Sc,Mahtematics/Electronics/ComputerScience,English
1204,St. Anns Degree College for Women,B.Sc,Mathemaics/Physics/Chemistry,English
1204,St. Anns Degree College for Women,B.Sc,Mathematics/Physics/ComputerScience,English
1204,St. Anns Degree College for Women,B.Sc,Mathematics/Stastitics/ComputerScience,English
1204,St. Anns Degree College for Women,B.Sc,Microbiology/Botany/Chemistry,English
1204,St. Anns Degree College for Women,B.Sc,Microbiology/Genetics/Chemistry,English
1204,St. Anns Degree College for Women,B.Sc,Microbiology/Zoology/Chemistry,English
1204,St. Anns Degree College for Women,B.Sc,Zoology/Chemistry/Applied Nut & Public Health,English
1204,St. Anns Degree College for Women,BBA,Bachelor of Business Administration,English
1205,St. Anns Degree College for Women,B.Com,Computers,English
1205,St. Anns Degree College for Women,B.Com,General,English
1205,St. Anns Degree College for Women,B.Sc,Mathematics/Stastitics/ComputerScience,English
1206,St. Anns Degree College for Women,B.Com,Computers,English
1206,St. Anns Degree College for Women,B.Com,General,English
1206,St. Anns Degree College for Women,B.Com,Hons.,English
1206,St. Anns Degree College for Women,B.Sc,Mathematics/Physics/ComputerScience,English
1206,St. Anns Degree College for Women,B.Sc,Mathematics/Stastitics/ComputerScience,English
1207,St. Francis Xavier Degree College,B.Com,ComputerApplication(Vocational),English
1207,St. Francis Xavier Degree College,B.Com,Computers,English
1207,St. Francis Xavier Degree College,B.Com,General,English
1207,St. Francis Xavier Degree College,B.Sc,Mahtematics/Electronics/ComputerScience,English
1207,St. Francis Xavier Degree College,B.Sc,Mathematics/Physics/ComputerScience,English
1207,St. Francis Xavier Degree College,B.Sc,Mathematics/Stastitics/ComputerScience,English
1208,St. George Degree College for Women,B.Com,Computers,English
1208,St. George Degree College for Women,B.Com,General,English
1209,St,B.A,English/Psychology/Pol.Science,English
1209,St,B.A,Political Science/ Journalism/ Phonetics/ Remedial Grammar,English
1209,St,B.Com,"Advertising,SalesPromotion&SalesManagement(Vocational)",English
1209,St,B.Com,Computers,English
1209,St,B.Com,General,English
1209,St,B.Sc,BioChemistry/Bio-Technology/Chemistry,English
1209,St,B.Sc,Bio-Technology/Zoology/Chemistry,English
1209,St,B.Sc,Mahtematics/Electronics/ComputerScience,English
1209,St,B.Sc,Mathematics/Stastitics/ComputerScience,English
1209,St,BBA,Bachelor of Business Administration,English
1210,St. Patricks Degree College,B.Com,Computers,English
1210,St. Patricks Degree College,B.Com,General,English
1210,St. Patricks Degree College,B.Sc,Mathemaics/Physics/Chemistry,English
1210,St. Patricks Degree College,B.Sc,Mathematics/Physics/ComputerScience,English
1210,St. Patricks Degree College,B.Sc,Mathematics/Stastitics/ComputerScience,English
1211,St. Pauls Degree College,B.Com,ComputerApplication(Vocational),English
1211,St. Pauls Degree College,B.Com,Computers,English
1211,St. Pauls Degree College,B.Com,General,English
1211,St. Pauls Degree College,BBA,Bachelor of Business Administration,English
1212,St. Pious Degree College for Women,B.A,Economics/Pol.Science/PublicAdmn.,English
1212,St. Pious Degree College for Women,B.A,English/Pol.Science/PublicAdministration,English
1212,St. Pious Degree College for Women,B.A,Psychology/Mass Communication/English(ML),English
1212,St. Pious Degree College for Women,B.Com,Computers,English
1212,St. Pious Degree College for Women,B.Com,General,English
1212,St. Pious Degree College for Women,B.Sc,BioTechnology/Botany/Chemistry,English
1212,St. Pious Degree College for Women,B.Sc,Chemistry/Microbiology/BioChemistry,English
1212,St. Pious Degree College for Women,B.Sc,Mathemaics/Physics/Chemistry,English
1212,St. Pious Degree College for Women,B.Sc,Mathematics/Physics/ComputerScience,English
1212,St. Pious Degree College for Women,B.Sc,Mathematics/Stastitics/ComputerScience,English
1212,St. Pious Degree College for Women,B.Sc,Microbiology/Botany/Chemistry,English
1212,St. Pious Degree College for Women,B.Sc,Microbiology/Genetics/Chemistry,English
1212,St. Pious Degree College for Women,B.Sc,Microbiology/Zoology/Chemistry,English
1212,St. Pious Degree College for Women,BBA,Bachelor of Business Administration,English
1215,Stannly degree college,B.Com,Computers,English
1215,Stannly degree college,B.Com,General,English
1215,Stannly degree college,B.Sc,Mathematics/Stastitics/ComputerScience,English
1216,Sujatha Degree College for Women,B.Com,Computers,English
1216,Sujatha Degree College for Women,B.Com,General,English
1216,Sujatha Degree College for Women,B.Sc,Mahtematics/Electronics/ComputerScience,English
1216,Sujatha Degree College for Women,B.Sc,Mathematics/Physics/ComputerScience,English
1216,Sujatha Degree College for Women,B.Sc,Mathematics/Stastitics/ComputerScience,English
1216,Sujatha Degree College for Women,B.Sc,Microbiology/Biotechnology/Chemistry,English
1216,Sujatha Degree College for Women,B.Sc,Microbiology/Genetics/Chemistry,English
1217,S V G Degree College,B.Com,Computers,English
1217,S V G Degree College,B.Com,General,English
1217,S V G Degree College,B.Sc,Mathematics/Stastitics/ComputerScience,English
1218,Swathi Degree College,B.Com,Computers,English
1218,Swathi Degree College,B.Com,General,English
1218,Swathi Degree College,B.Sc,BioChemistry/Bio-Technology/Chemistry,English
1218,Swathi Degree College,B.Sc,Mahtematics/Electronics/ComputerScience,English
1218,Swathi Degree College,B.Sc,Microbiology/Biotechnology/Chemistry,English
1220,Silver Jubilee Degree College,B.Com,Computers,English
1220,Silver Jubilee Degree College,B.Com,General,English
1220,Silver Jubilee Degree College,B.Sc,Mahtematics/Electronics/ComputerScience,English
1220,Silver Jubilee Degree College,B.Sc,Mathemaics/Physics/Chemistry,Telugu
1220,Silver Jubilee Degree College,B.Sc,Mathematics/Stastitics/ComputerScience,English
1221,Vahini Degree College,B.Com,Computers,English
1221,Vahini Degree College,B.Com,General,English
1221,Vahini Degree College,B.Sc,Mathematics/Physics/ComputerScience,English
1221,Vahini Degree College,B.Sc,Mathematics/Stastitics/ComputerScience,English
1222,St. Mary’s Centenary Degree College,B.Com,ComputerApplication(Vocational),English
1222,St. Mary’s Centenary Degree College,B.Com,Computers,English
1222,St. Mary’s Centenary Degree College,B.Com,General,English
1223,Sindhu Degree College,B.Com,Computers,English
1223,Sindhu Degree College,B.Com,General,English
1223,Sindhu Degree College,B.Sc,Mathematics/Physics/ComputerScience,English
1223,Sindhu Degree College,B.Sc,Mathematics/Stastitics/ComputerScience,English
1223,Sindhu Degree College,B.Sc,Microbiology/Biotechnology/Chemistry,English
1224,Sir Newtons Degree College,B.Com,Computers,English
1224,Sir Newtons Degree College,B.Com,General,English
1224,Sir Newtons Degree College,B.Sc,Mathemaics/Physics/Chemistry,English
1224,Sir Newtons Degree College,B.Sc,Mathematics/Stastitics/ComputerScience,English
1225,Sreenidhi Degree College,B.Com,ComputerApplication(Vocational),English
1225,Sreenidhi Degree College,B.Com,Computers,English
1225,Sreenidhi Degree College,B.Com,General,English
1225,Sreenidhi Degree College,B.Sc,BioChemistry/Bio-Technology/Chemistry,English
1225,Sreenidhi Degree College,B.Sc,Mahtematics/Electronics/ComputerScience,English
1225,Sreenidhi Degree College,B.Sc,Mathemaics/Physics/Chemistry,English
1225,Sreenidhi Degree College,B.Sc,Mathematics/Physics/ComputerScience,English
1225,Sreenidhi Degree College,B.Sc,Mathematics/Stastitics/ComputerScience,English
1225,Sreenidhi Degree College,B.Sc,Microbiology/Biotechnology/Chemistry,English
1226,saketa degree college,B.Com,Computers,English
1226,saketa degree college,B.Com,General,English
1226,saketa degree college,B.Sc,Chemistry/Microbiology/BioChemistry,English
1226,saketa degree college,B.Sc,Mahtematics/Electronics/ComputerScience,English
1226,saketa degree college,B.Sc,Mathematics/Stastitics/ComputerScience,English
1226,saketa degree college,B.Sc,Microbiology/Biotechnology/Chemistry,English
1227,St. Daniels Degree College,B.Com,Computers,English
1227,St. Daniels Degree College,B.Com,General,English
1227,St. Daniels Degree College,B.Sc,Mathematics/Physics/ComputerScience,English
1229,The Mothers Degree College,B.Com,Computers,English
1229,The Mothers Degree College,B.Com,General,English
1230,TMSS Degree College for Women,B.A,History/Pol.Science/PublicAdministration,English
1230,TMSS Degree College for Women,B.Com,Computers,English
1230,TMSS Degree College for Women,B.Com,General,English
1230,TMSS Degree College for Women,B.Sc,Mathematics/Stastitics/ComputerScience,English
1231,Ushodaya Mahila Degree College,B.Com,Computers,English
1231,Ushodaya Mahila Degree College,B.Com,General,English
1231,Ushodaya Mahila Degree College,B.Com,General,Telugu
1232,Urdu Arts College (Eve),B.A,Economics/Pol.Science/PublicAdmn.,Urdu
1232,Urdu Arts College (Eve),B.A,History/Pol.Science/Urdu,Urdu
1232,Urdu Arts College (Eve),B.Com,General,Urdu
1233,Vandana Degree College,B.Com,Computers,English
1233,Vandana Degree College,B.Com,General,English
1233,Vandana Degree College,B.Sc,Mathematics/Stastitics/ComputerScience,English
1234,Vijayanagar College of Commerce,B.Com,Computers,English
1234,Vijayanagar College of Commerce,B.Com,General,English
1234,Vijayanagar College of Commerce,B.Com,General,Telugu
1235,Vidya Dayani Degree College for Women,B.Com,ComputerApplication(Vocational),English
1235,Vidya Dayani Degree College for Women,B.Com,Computers,English
1235,Vidya Dayani Degree College for Women,B.Com,General,English
1236,Vijetha Degree College,B.Com,Computers,English
1236,Vijetha Degree College,B.Com,General,English
1236,Vijetha Degree College,B.Sc,Mahtematics/Electronics/ComputerScience,English
1236,Vijetha Degree College,B.Sc,Mathemaics/Physics/Chemistry,English
1236,Vijetha Degree College,B.Sc,Mathematics/Chemistry/ComputerApplications,English
1236,Vijetha Degree College,B.Sc,Mathematics/Physics/ComputerScience,English
1236,Vijetha Degree College,B.Sc,Mathematics/Stastitics/ComputerScience,English
1237,Vikas Degree College,B.Com,Computers,English
1237,Vikas Degree College,B.Com,General,English
1237,Vikas Degree College,B.Sc,BioChemistry/Bio-Technology/Chemistry,English
1237,Vikas Degree College,B.Sc,Mathemaics/Physics/Chemistry,English
1237,Vikas Degree College,B.Sc,Mathematics/Physics/ComputerScience,English
1237,Vikas Degree College,B.Sc,Mathematics/Stastitics/ComputerScience,English
1238,Villa Marie Degree College for Women,B.A,Political Science/ Journalism/ Phonetics/ Remedial Grammar,English
1238,Villa Marie Degree College for Women,B.A,Psychology/Mass Communication/English(ML),English
1238,Villa Marie Degree College for Women,B.Com,"Advertising,SalesPromotion&SalesManagement(Vocational)",English
1238,Villa Marie Degree College for Women,B.Com,Computers,English
1238,Villa Marie Degree College for Women,B.Com,ForeignTradePractises&Proceduret(Vocational),English
1238,Villa Marie Degree College for Women,B.Com,General,English
1238,Villa Marie Degree College for Women,B.Sc,BioChemistry/Bio-Technology/Chemistry,English
1238,Villa Marie Degree College for Women,B.Sc,Mathematics/Stastitics/ComputerScience,English
1238,Villa Marie Degree College for Women,B.Sc,Microbiology/Biotechnology/Chemistry,English
1238,Villa Marie Degree College for Women,BBA,Bachelor of Business Administration,English
1240,Vivekananda Degree College,B.Com,Computers,English
1240,Vivekananda Degree College,B.Com,General,English
1240,Vivekananda Degree College,B.Sc,Mahtematics/Electronics/ComputerScience,English
1240,Vivekananda Degree College,B.Sc,Mathemaics/Physics/Chemistry,English
1240,Vivekananda Degree College,B.Sc,Mathematics/Physics/ComputerScience,English
1240,Vivekananda Degree College,B.Sc,Mathematics/Stastitics/ComputerScience,English
1241,Pragnya Degree College,B.Com,ComputerApplication(Vocational),English
1241,Pragnya Degree College,B.Com,Computers,English
1241,Pragnya Degree College,B.Com,General,English
1241,Pragnya Degree College,B.Sc,Mahtematics/Electronics/ComputerScience,English
1241,Pragnya Degree College,B.Sc,Mathematics/Chemistry/ComputerScience,English
1241,Pragnya Degree College,B.Sc,Mathematics/Physics/ComputerScience,English
1241,Pragnya Degree College,B.Sc,Mathematics/Stastitics/ComputerScience,English
1243,Vasundara Womens Degree College,B.Com,Computers,English
1243,Vasundara Womens Degree College,B.Com,General,English
1243,Vasundara Womens Degree College,B.Sc,Mahtematics/Electronics/ComputerScience,English
1243,Vasundara Womens Degree College,B.Sc,Mathemaics/Physics/Chemistry,English
1243,Vasundara Womens Degree College,B.Sc,Mathematics/Physics/ComputerScience,English
1243,Vasundara Womens Degree College,B.Sc,Mathematics/Stastitics/ComputerScience,English
1243,Vasundara Womens Degree College,B.Sc,Microbiology/Biotechnology/Chemistry,English
1244,Viveknanda Govt. Degree College,B.A,Economics/Pol.Science/PublicAdmn.,Telugu
1244,Viveknanda Govt. Degree College,B.A,History/Pol.Science/Mass.Comm.&Jrl.,Telugu
1244,Viveknanda Govt. Degree College,B.A,History/Pol.Science/PublicAdministration,Telugu
1244,Viveknanda Govt. Degree College,B.Com,ComputerApplication(Vocational),English
1244,Viveknanda Govt. Degree College,B.Com,Computers,English
1244,Viveknanda Govt. Degree College,B.Com,General,English
1244,Viveknanda Govt. Degree College,B.Com,General,Telugu
1244,Viveknanda Govt. Degree College,B.Com,Vocational(Insurance),English
1244,Viveknanda Govt. Degree College,B.Sc,Mathematics/Stastitics/ComputerScience,English
1246,V.V. College (Day) Jambagh,B.A,Economics/Pol.Science/PublicAdmn.,English
1246,V.V. College (Day) Jambagh,B.Com,Computers,English
1246,V.V. College (Day) Jambagh,B.Com,General,English
1246,V.V. College (Day) Jambagh,B.Sc,BioChemistry/Bio-Technology/Chemistry,English
1246,V.V. College (Day) Jambagh,B.Sc,Bio-Technology/Zoology/Chemistry,English
1246,V.V. College (Day) Jambagh,B.Sc,Botany/Zoology/Chemistry,English
1246,V.V. College (Day) Jambagh,B.Sc,Mathemaics/Physics/Chemistry,English
1246,V.V. College (Day) Jambagh,B.Sc,Microbiology/Botany/Chemistry,English
1246,V.V. College (Day) Jambagh,B.Sc,Microbiology/Zoology/Chemistry,English
1247,V.V. College (AN) Jambagh,B.A,Economics/Pol.Science/PublicAdmn.,English
1247,V.V. College (AN) Jambagh,B.A,Economics/Pol.Science/PublicAdmn.,Telugu
1247,V.V. College (AN) Jambagh,B.Com,General,English
1247,V.V. College (AN) Jambagh,B.Com,General,Telugu
1248,Vani Degree College for Women,B.Com,Computers,English
1248,Vani Degree College for Women,B.Com,General,English
1249,Vijaya Karans Degree College,B.Com,Computers,English
1249,Vijaya Karans Degree College,B.Com,General,English
1249,Vijaya Karans Degree College,B.Sc,Mathematics/Chemistry/ComputerScience,English
1249,Vijaya Karans Degree College,B.Sc,Mathematics/Statistics/ComputerScience,English
1250,Vivekananda Degree College,B.Com,ComputerApplication(Vocational),English
1250,Vivekananda Degree College,B.Com,Computers,English
1250,Vivekananda Degree College,B.Com,General,English
1250,Vivekananda Degree College,B.Sc,BioChemistry/Bio-Technology/Chemistry,English
1250,Vivekananda Degree College,B.Sc,Mathemaics/Physics/Chemistry,English
1250,Vivekananda Degree College,B.Sc,Mathematics/Chemistry/ComputerScience,English
1250,Vivekananda Degree College,B.Sc,Mathematics/Physics/ComputerScience,English
1250,Vivekananda Degree College,B.Sc,Mathematics/Stastitics/ComputerScience,English
1250,Vivekananda Degree College,B.Sc,Microbiology/Biotechnology/Chemistry,English
1251,Wesley Degree College,B.A,Mass Communication/ English ML/ Political Science,English
1251,Wesley Degree College,B.Com,Computers,English
1251,Wesley Degree College,B.Com,General,English
1251,Wesley Degree College,B.Com,TaxProcedures&Practices(Vocational),English
1251,Wesley Degree College,B.Sc,Mahtematics/Electronics/ComputerScience,English
1251,Wesley Degree College,B.Sc,Mathematics/Comp.HardWare/Comp.Science,English
1251,Wesley Degree College,B.Sc,Mathematics/Physics/ComputerScience,English
1251,Wesley Degree College,B.Sc,Mathematics/Stastitics/ComputerScience,English
1252,Wesley Degree College for Girls,B.A,Economics/Pol.Science/History,English
1252,Wesley Degree College for Girls,B.A,Economics/Pol.Science/PublicAdmn.,English
1252,Wesley Degree College for Girls,B.A,Economics/RuralBanking/Commerce,English
1252,Wesley Degree College for Girls,B.Com,"Advertising,SalesPromotion&SalesManagement(Vocational)",English
1252,Wesley Degree College for Girls,B.Com,Computers,English
1252,Wesley Degree College for Girls,B.Com,General,English
1252,Wesley Degree College for Girls,B.Sc,Bio-Technology/Zoology/Chemistry,English
1252,Wesley Degree College for Girls,B.Sc,Botany/Chemistry/ClinicalNutritionDietetics,English
1252,Wesley Degree College for Girls,B.Sc,Botany/Zoology/Chemistry,English
1252,Wesley Degree College for Girls,B.Sc,Mathemaics/Physics/Chemistry,English
1252,Wesley Degree College for Girls,B.Sc,Mathematics/Physics/ComputerScience,English
1252,Wesley Degree College for Girls,B.Sc,Mathematics/Stastitics/ComputerScience,English
1256,St. Josephs Degree College for Women,B.Com,Computers,English
1256,St. Josephs Degree College for Women,B.Com,General,English
1256,St. Josephs Degree College for Women,B.Sc,Mathematics/Stastitics/ComputerScience,English
1257,International Degree College,B.Com,Computers,English
1257,International Degree College,B.Com,General,English
1257,International Degree College,B.Sc,Mathematics/Physics/ComputerScience,English
1257,International Degree College,B.Sc,Mathematics/Stastitics/ComputerScience,English
1258,MS Degree College for Women,B.A,English/Psychology/Pol.Science,English
1258,MS Degree College for Women,B.Com,Computers,English
1258,MS Degree College for Women,B.Com,General,English
1259,Limara Degree College,B.Com,Computers,English
1259,Limara Degree College,B.Com,General,English
1260,Narayana Degree College,B.A,History/ Public Administration/ Geography,English
1262,New Madina Degree College,B.Com,Computers,English
1262,New Madina Degree College,B.Com,General,English
1263,St. Mary’s College,B.Com,Computers,English
1263,St. Mary’s College,B.Com,General,English
1263,St. Mary’s College,B.Sc,Mathematics/Stastitics/ComputerScience,English
1264,Haindavi Degree College,B.Com,ComputerApplication(Vocational),English
1264,Haindavi Degree College,B.Com,Computers,English
1264,Haindavi Degree College,B.Com,General,English
1264,Haindavi Degree College,B.Sc,Mathematics/Physics/ComputerScience,English
1264,Haindavi Degree College,B.Sc,Mathematics/Stastitics/ComputerScience,English
1268,Aliens Degree College,B.Com,Computers,English
1268,Aliens Degree College,B.Com,General,English
1268,Aliens Degree College,B.Sc,Mathematics/Physics/ComputerScience,English
1269,Harshini Degree College,B.Com,Computers,English
1269,Harshini Degree College,B.Com,General,English
1270,Azam Degree College,B.Com,Computers,English
1270,Azam Degree College,B.Com,General,English
1270,Azam Degree College,B.Sc,Mathematics/Stastitics/ComputerScience,English
1271,Unique Degree College for Women,B.A,History/Pol.Science/Urdu,English
1271,Unique Degree College for Women,B.Com,General,English
1272,ISO Degree College,B.Com,Computers,English
1272,ISO Degree College,B.Com,General,English
1272,ISO Degree College,B.Sc,Mathematics/Stastitics/ComputerScience,English
1273,Royale Degree College for Women,B.Com,Computers,English
1273,Royale Degree College for Women,B.Com,General,English
1273,Royale Degree College for Women,B.Sc,Botany/Chmeistry/AppliedNutrition,English
1273,Royale Degree College for Women,B.Sc,Mathematics/Stastitics/ComputerScience,English
1273,Royale Degree College for Women,B.Sc,Microbiology/Botany/Chemistry,English
1274,MS Degree College for Women,B.Com,Computers,English
1274,MS Degree College for Women,B.Com,General,English
1274,MS Degree College for Women,B.Sc,Mathemaics/Physics/Chemistry,English
1275,MS Degree College for Women,B.Com,Computers,English
1275,MS Degree College for Women,B.Com,General,English
1275,MS Degree College for Women,B.Sc,Mathematics/Physics/ComputerScience,English
1276,MS Degree College for Women,B.Com,Computers,English
1276,MS Degree College for Women,B.Com,General,English
1276,MS Degree College for Women,B.Sc,Botany/Zoology/Chemistry,English
1277,Sree Venkateshwara Degree College,B.Com,Computers,English
1277,Sree Venkateshwara Degree College,B.Com,General,English
1278,Galaxy Degree college,B.A,Economics/Pol.Science/PublicAdmn.,English
1278,Galaxy Degree college,B.Com,Computers,English
1278,Galaxy Degree college,B.Sc,Mathematics/Physics/ComputerScience,English
1279,Siddhartha Degree College,B.Com,Computers,English
1279,Siddhartha Degree College,B.Com,General,English
1279,Siddhartha Degree College,B.Sc,Mahtematics/Electronics/ComputerScience,English
1279,Siddhartha Degree College,B.Sc,Mathematics/Stastitics/ComputerScience,English
1280,Roots Degree College,B.A,Psychology/Mass Communication/English(ML),English
1280,Roots Degree College,BBA,Bachelor of Business Administration,English
1281,Vignan Jyothi Institute of Arts,B.A,Economics/Statistics/Mathematics,English
1281,Vignan Jyothi Institute of Arts,B.Com,Computers,English
1281,Vignan Jyothi Institute of Arts,B.Sc,Mathematics/Stastitics/ComputerScience,English
1281,Vignan Jyothi Institute of Arts,BBA,Bachelor of Business Administration,English
1282,Siddhartha Womens Degree College,B.Com,Computers,English
1282,Siddhartha Womens Degree College,B.Com,General,English
1282,Siddhartha Womens Degree College,B.Sc,Mahtematics/Electronics/ComputerScience,English
1282,Siddhartha Womens Degree College,B.Sc,Mathematics/Chemistry/ComputerScience,English
1282,Siddhartha Womens Degree College,B.Sc,Mathematics/Stastitics/ComputerScience,English
1289,ETHAMES DEGREE COLLEGE,B.A,Economics/Pol.Science/PublicAdmn.,English
1289,ETHAMES DEGREE COLLEGE,B.Com,Computers,English
1289,ETHAMES DEGREE COLLEGE,BBA,Bachelor of Business Administration,English
1290,Presidency Degree College for Commerce & Science,B.Com,ComputerApplication(Vocational),English
1290,Presidency Degree College for Commerce & Science,B.Com,Computers,English
1290,Presidency Degree College for Commerce & Science,B.Com,General,English
1290,Presidency Degree College for Commerce & Science,B.Sc,Botany/Zoology/Chemistry,English
1291,Madina Degree College,B.Com,Computers,English
1291,Madina Degree College,B.Com,General,English
1291,Madina Degree College,B.Sc,Botany/Zoology/Chemistry,English
1291,Madina Degree College,B.Sc,Mathematics/Physics/ComputerScience,English
1292,The Progress Degree College,B.Com,Computers,English
1292,The Progress Degree College,B.Com,General,English
1292,The Progress Degree College,B.Sc,Botany/Zoology/Chemistry,English
1292,The Progress Degree College,B.Sc,Mathematics/Stastitics/ComputerScience,English
1293,HBS Degree College,B.A,Economics/Pol.Science/History,English
1293,HBS Degree College,BBA,Bachelor of Business Administration,English
1294,Haindavi Degree College,B.Com,Computers,English
1294,Haindavi Degree College,B.Com,General,English
1294,Haindavi Degree College,B.Sc,Mathematics/Physics/ComputerScience,English
1294,Haindavi Degree College,B.Sc,Mathematics/Stastitics/ComputerScience,English
1295,Vignan Degree College,B.Com,Computers,English
1295,Vignan Degree College,B.Com,General,English
1295,Vignan Degree College,B.Sc,Mathematics/Stastitics/ComputerScience,English
1295,Vignan Degree College,BBA,Bachelor of Business Administration,English
1296,Sri Chandra Degree Collge,B.Com,Computers,English
1296,Sri Chandra Degree Collge,B.Com,General,English
1296,Sri Chandra Degree Collge,B.Sc,Mathematics/Physics/ComputerScience,English
1296,Sri Chandra Degree Collge,B.Sc,Zoology/Chemistry/AppliedNutrition,English
1297,Sri Sarada Degree College (Co-Ed),B.Com,Computers,English
1297,Sri Sarada Degree College (Co-Ed),B.Com,Hons.,English
1297,Sri Sarada Degree College (Co-Ed),B.Sc,Mathematics/Stastitics/ComputerScience,English
2001,Holy Cross Degree College for Women,B.Com,Computers,English
2001,Holy Cross Degree College for Women,B.Com,General,English
2001,Holy Cross Degree College for Women,B.Sc,Botany/Zoology/Chemistry,English
2001,Holy Cross Degree College for Women,B.Sc,Chemistry/Microbiology/BioChemistry,English
2001,Holy Cross Degree College for Women,B.Sc,Mahtematics/Electronics/ComputerScience,English
2001,Holy Cross Degree College for Women,B.Sc,Mathemaics/Physics/Chemistry,English
2001,Holy Cross Degree College for Women,B.Sc,Mathematics/Chemistry/ComputerScience,English
2001,Holy Cross Degree College for Women,B.Sc,Mathematics/Physics/ComputerScience,English
2001,Holy Cross Degree College for Women,B.Sc,Mathematics/Stastitics/ComputerScience,English
2001,Holy Cross Degree College for Women,B.Sc,Microbiology/Botany/Chemistry,English
2001,Holy Cross Degree College for Women,B.Sc,Microbiology/Zoology/Chemistry,English
2002,PMR Degree College,B.A,Economics/Pol.Science/History,Telugu
2002,PMR Degree College,B.A,History/Pol.Science/Telugu,Telugu
2002,PMR Degree College,B.Com,Computers,English
2002,PMR Degree College,B.Com,General,English
2002,PMR Degree College,B.Com,General,Telugu
2002,PMR Degree College,B.Sc,Botany/Zoology/Chemistry,English
2002,PMR Degree College,B.Sc,Botany/Zoology/Chemistry,Telugu
2002,PMR Degree College,B.Sc,Mathemaics/Physics/Chemistry,Telugu
2002,PMR Degree College,B.Sc,Mathematics/Physics/ComputerScience,English
2003,Ibrahimpatnam Degree College,B.A,Economics/Pol.Science/History,Telugu
2003,Ibrahimpatnam Degree College,B.A,Economics/Pol.Science/PublicAdmn.,Telugu
2003,Ibrahimpatnam Degree College,B.Com,Computers,English
2003,Ibrahimpatnam Degree College,B.Com,General,Telugu
2003,Ibrahimpatnam Degree College,B.Sc,Botany/Zoology/Chemistry,Telugu
2003,Ibrahimpatnam Degree College,B.Sc,Mathemaics/Physics/Chemistry,Telugu
2003,Ibrahimpatnam Degree College,B.Sc,Mathematics/Stastitics/ComputerScience,English
2004,Prathibha Degree College,B.A,Economics/Pol.Science/History,Telugu
2004,Prathibha Degree College,B.A,Economics/Pol.Science/PublicAdmn.,Telugu
2004,Prathibha Degree College,B.Com,Computers,English
2004,Prathibha Degree College,B.Com,General,Telugu
2004,Prathibha Degree College,B.Sc,Botany/Zoology/Chemistry,Telugu
2004,Prathibha Degree College,B.Sc,Mathemaics/Physics/Chemistry,Telugu
2005,Pallavi Degree college,B.A,Economics/Pol.Science/History,Telugu
2005,Pallavi Degree college,B.A,Economics/Pol.Science/PublicAdmn.,Telugu
2005,Pallavi Degree college,B.A,History/Pol.Science/Telugu,Telugu
2005,Pallavi Degree college,B.Com,General,Telugu
2005,Pallavi Degree college,B.Sc,Botany/Zoology/Chemistry,Telugu
2005,Pallavi Degree college,B.Sc,Mathemaics/Physics/Chemistry,Telugu
2005,Pallavi Degree college,B.Sc,Mathematics/Physics/ComputerScience,English
2006,Sri Ramalingeshwara Degree College,B.A,Economics/Pol.Science/History,Telugu
2006,Sri Ramalingeshwara Degree College,B.A,History/Pol.Science/PublicAdministration,Telugu
2006,Sri Ramalingeshwara Degree College,B.Com,General,Telugu
2007,Shalivahana Degree College,B.A,Economics/Pol.Science/History,Telugu
2007,Shalivahana Degree College,B.Com,Computers,English
2007,Shalivahana Degree College,B.Com,General,English
2007,Shalivahana Degree College,B.Sc,Botany/Zoology/Chemistry,Telugu
2007,Shalivahana Degree College,B.Sc,Mathemaics/Physics/Chemistry,English
2007,Shalivahana Degree College,B.Sc,Mathematics/Physics/ComputerScience,English
2007,Shalivahana Degree College,B.Sc,Mathematics/Stastitics/ComputerScience,English
2008,SAP Degree College,B.A,Economics/Pol.Science/History,Telugu
2008,SAP Degree College,B.A,Economics/Pol.Science/PublicAdmn.,Telugu
2008,SAP Degree College,B.A,History/Pol.Science/Telugu,Telugu
2008,SAP Degree College,B.Com,ComputerApplication(Vocational),English
2008,SAP Degree College,B.Com,Computers,English
2008,SAP Degree College,B.Com,General,English
2008,SAP Degree College,B.Com,General,Telugu
2008,SAP Degree College,B.Sc,Botany/Zoology/Chemistry,English
2008,SAP Degree College,B.Sc,Botany/Zoology/Chemistry,Telugu
2008,SAP Degree College,B.Sc,Mathemaics/Physics/Chemistry,English
2008,SAP Degree College,B.Sc,Mathemaics/Physics/Chemistry,Telugu
2008,SAP Degree College,B.Sc,Mathematics/Physics/ComputerScience,English
2008,SAP Degree College,B.Sc,Microbiology/Botany/Chemistry,English
2009,Takshashila Degree College,B.A,Economics/Pol.Science/History,Telugu
2009,Takshashila Degree College,B.Com,Computers,English
2009,Takshashila Degree College,B.Com,General,Telugu
2009,Takshashila Degree College,B.Sc,Botany/Zoology/Chemistry,English
2009,Takshashila Degree College,B.Sc,Botany/Zoology/Chemistry,Telugu
2009,Takshashila Degree College,B.Sc,Mathemaics/Physics/Chemistry,English
2009,Takshashila Degree College,B.Sc,Mathemaics/Physics/Chemistry,Telugu
2009,Takshashila Degree College,B.Sc,Mathematics/Physics/ComputerScience,English
2010,Little Flower Degree College,B.A,English/Psychology/Pol.Science,English
2010,Little Flower Degree College,B.Com,ComputerApplication(Vocational),English
2010,Little Flower Degree College,B.Com,Computers,English
2010,Little Flower Degree College,B.Com,General,English
2010,Little Flower Degree College,B.Sc,Mahtematics/Electronics/ComputerScience,English
2010,Little Flower Degree College,B.Sc,Mathematics/Physics/ComputerScience,English
2010,Little Flower Degree College,B.Sc,Mathematics/Stastitics/ComputerScience,English
2010,Little Flower Degree College,B.Sc,Microbiology/Biotechnology/Chemistry,English
2011,Peoples Degree College,B.A,Economics/Pol.Science/History,Telugu
2011,Peoples Degree College,B.A,Economics/Pol.Science/PublicAdmn.,Telugu
2011,Peoples Degree College,B.A,History/Pol.Science/PublicAdministration,Telugu
2011,Peoples Degree College,B.Com,Computers,English
2011,Peoples Degree College,B.Com,General,English
2011,Peoples Degree College,B.Sc,Botany/Zoology/Chemistry,English
2011,Peoples Degree College,B.Sc,Botany/Zoology/Chemistry,Telugu
2011,Peoples Degree College,B.Sc,Mathemaics/Physics/Chemistry,English
2011,Peoples Degree College,B.Sc,Mathemaics/Physics/Chemistry,Telugu
2011,Peoples Degree College,B.Sc,Mathematics/Physics/ComputerScience,English
2011,Peoples Degree College,B.Sc,Mathematics/Physics/Electronics,English
2012,SIVA SIVANI DEGREE COLLEGE,B.Com,Computers,English
2012,SIVA SIVANI DEGREE COLLEGE,B.Sc,Mahtematics/Electronics/ComputerScience,English
2012,SIVA SIVANI DEGREE COLLEGE,B.Sc,Mathematics/Stastitics/ComputerScience,English
2012,SIVA SIVANI DEGREE COLLEGE,BBA,Bachelor of Business Administration,English
2013,Sai Chaitanya Degree College,B.Com,Computers,English
2013,Sai Chaitanya Degree College,B.Com,General,English
2013,Sai Chaitanya Degree College,B.Com,General,Telugu
2013,Sai Chaitanya Degree College,B.Sc,Botany/Zoology/Chemistry,English
2013,Sai Chaitanya Degree College,B.Sc,Mathemaics/Physics/Chemistry,English
2013,Sai Chaitanya Degree College,B.Sc,Mathematics/Physics/ComputerScience,English
2014,S.V. Degree College,B.Com,Computers,English
2014,S.V. Degree College,B.Com,General,English
2014,S.V. Degree College,B.Sc,Mathematics/Physics/ComputerScience,English
2014,S.V. Degree College,B.Sc,Mathematics/Stastitics/ComputerScience,English
2015,Jagruthi Degree College,B.A,Economics/Pol.Science/History,Telugu
2015,Jagruthi Degree College,B.A,History/Pol.Science/Telugu,Telugu
2015,Jagruthi Degree College,B.Com,Computers,English
2015,Jagruthi Degree College,B.Com,General,Telugu
2015,Jagruthi Degree College,B.Sc,Botany/Zoology/Chemistry,Telugu
2015,Jagruthi Degree College,B.Sc,Mathemaics/Physics/Chemistry,Telugu
2015,Jagruthi Degree College,B.Sc,Mathematics/Physics/ComputerScience,English
2016,Sri Sai Degree College,B.A,Economics/Pol.Science/History,English
2016,Sri Sai Degree College,B.A,Economics/Pol.Science/History,Telugu
2016,Sri Sai Degree College,B.A,Economics/Pol.Science/PublicAdmn.,English
2016,Sri Sai Degree College,B.A,Economics/Pol.Science/PublicAdmn.,Telugu
2016,Sri Sai Degree College,B.Com,Computers,English
2016,Sri Sai Degree College,B.Com,General,English
2017,Scholars Degree College,B.Com,Computers,English
2017,Scholars Degree College,B.Com,General,Telugu
2017,Scholars Degree College,B.Sc,Mathemaics/Physics/Chemistry,Telugu
2018,Sai Gowthami Degree College,B.A,Economics/Pol.Science/History,Telugu
2018,Sai Gowthami Degree College,B.A,Economics/Pol.Science/PublicAdmn.,Telugu
2018,Sai Gowthami Degree College,B.Com,General,Telugu
2018,Sai Gowthami Degree College,B.Sc,Botany/Zoology/Chemistry,Telugu
2018,Sai Gowthami Degree College,B.Sc,Mathemaics/Physics/Chemistry,Telugu
2019,Ashritha Womens Degree College,B.A,Economics/Pol.Science/History,Telugu
2019,Ashritha Womens Degree College,B.Com,Computers,English
2019,Ashritha Womens Degree College,B.Com,General,Telugu
2019,Ashritha Womens Degree College,B.Sc,Botany/Zoology/Chemistry,Telugu
2019,Ashritha Womens Degree College,B.Sc,Mathemaics/Physics/Chemistry,Telugu
2020,Sri Venkateshwara Degree College,B.A,Economics/Pol.Science/History,Telugu
2020,Sri Venkateshwara Degree College,B.A,History/Pol.Science/PublicAdministration,Telugu
2020,Sri Venkateshwara Degree College,B.Com,General,Telugu
2020,Sri Venkateshwara Degree College,B.Sc,Botany/Zoology/Chemistry,Telugu
2020,Sri Venkateshwara Degree College,B.Sc,Mathemaics/Physics/Chemistry,Telugu
2022,Sri Saraswathi Vidyalaya Degree College,B.A,Economics/Pol.Science/History,Telugu
2022,Sri Saraswathi Vidyalaya Degree College,B.A,Economics/Pol.Science/PublicAdmn.,Telugu
2022,Sri Saraswathi Vidyalaya Degree College,B.Com,Computers,English
2022,Sri Saraswathi Vidyalaya Degree College,B.Com,General,English
2022,Sri Saraswathi Vidyalaya Degree College,B.Com,General,Telugu
2022,Sri Saraswathi Vidyalaya Degree College,B.Sc,Botany/Zoology/Chemistry,English
2022,Sri Saraswathi Vidyalaya Degree College,B.Sc,Mathematics/Physics/ComputerScience,English
2023,New Adarsha Degree College,B.A,Economics/Pol.Science/History,Telugu
2023,New Adarsha Degree College,B.Com,Computers,English
2023,New Adarsha Degree College,B.Com,General,Telugu
2023,New Adarsha Degree College,B.Sc,Mathematics/Physics/ComputerScience,English
2024,Karanam Padmavathi Degree College,B.A,Economics/Pol.Science/History,Telugu
2024,Karanam Padmavathi Degree College,B.Sc,Botany/Zoology/Chemistry,Telugu
2024,Karanam Padmavathi Degree College,B.Sc,Mathemaics/Physics/Chemistry,Telugu
2025,Pranathi Degree College,B.Com,ComputerApplication(Vocational),English
2025,Pranathi Degree College,B.Com,Computers,English
2025,Pranathi Degree College,B.Com,General,English
2025,Pranathi Degree College,B.Sc,Mathemaics/Physics/Chemistry,English
2025,Pranathi Degree College,B.Sc,Mathematics/Chemistry/ComputerScience,English
2025,Pranathi Degree College,B.Sc,Mathematics/Physics/ComputerScience,English
2025,Pranathi Degree College,B.Sc,Mathematics/Stastitics/ComputerScience,English
2026,Vidyasagar Degree College,B.A,Economics/Pol.Science/History,Telugu
2026,Vidyasagar Degree College,B.Com,Computers,English
2026,Vidyasagar Degree College,B.Com,General,Telugu
2026,Vidyasagar Degree College,B.Sc,Botany/Zoology/Chemistry,Telugu
2026,Vidyasagar Degree College,B.Sc,Mathemaics/Physics/Chemistry,Telugu
2026,Vidyasagar Degree College,B.Sc,Mathematics/Physics/ComputerScience,English
2027,Vishwa Bharathi Degree College,B.A,Economics/Pol.Science/History,Telugu
2027,Vishwa Bharathi Degree College,B.Sc,Botany/Zoology/Chemistry,Telugu
2027,Vishwa Bharathi Degree College,B.Sc,Mathemaics/Physics/Chemistry,Telugu
2029,Sri Sai Degree College,B.A,Economics/Pol.Science/History,Telugu
2029,Sri Sai Degree College,B.A,Economics/Pol.Science/PublicAdmn.,Telugu
2029,Sri Sai Degree College,B.Com,Computers,English
2029,Sri Sai Degree College,B.Com,General,Telugu
2029,Sri Sai Degree College,B.Sc,Botany/Zoology/Chemistry,Telugu
2029,Sri Sai Degree College,B.Sc,Mathematics/Physics/ComputerScience,English
2030,New Sri Medha (Prajwala) Degree College,B.A,History/Pol.Science/English,English
2030,New Sri Medha (Prajwala) Degree College,B.A,History/Pol.Science/Telugu,Telugu
2030,New Sri Medha (Prajwala) Degree College,B.Com,Computers,English
2030,New Sri Medha (Prajwala) Degree College,B.Com,General,English
2030,New Sri Medha (Prajwala) Degree College,B.Sc,Botany/Zoology/Chemistry,English
2030,New Sri Medha (Prajwala) Degree College,B.Sc,Mathematics/Stastitics/ComputerScience,English
2030,New Sri Medha (Prajwala) Degree College,B.Sc,Microbiology/Biotechnology/Chemistry,English
2031,Gauthami Degree College,B.Com,Computers,English
2031,Gauthami Degree College,B.Com,General,English
2031,Gauthami Degree College,B.Sc,Botany/Zoology/Chemistry,English
2031,Gauthami Degree College,B.Sc,Mahtematics/Electronics/ComputerScience,English
2031,Gauthami Degree College,B.Sc,Mathemaics/Physics/Chemistry,English
2031,Gauthami Degree College,B.Sc,Mathematics/Stastitics/ComputerScience,English
2032,Sree Vignan Degree College,B.A,Economics/Pol.Science/PublicAdmn.,Telugu
2032,Sree Vignan Degree College,B.Com,Computers,English
2032,Sree Vignan Degree College,B.Com,General,Telugu
2032,Sree Vignan Degree College,B.Sc,Botany/Zoology/Chemistry,English
2032,Sree Vignan Degree College,B.Sc,Mathematics/Physics/ComputerScience,English
2032,Sree Vignan Degree College,B.Sc,Mathematics/Stastitics/ComputerScience,English
2033,St. Josehps College,B.A,Economics/Pol.Science/PublicAdmn.,English
2033,St. Josehps College,B.Com,Computers,English
2033,St. Josehps College,B.Com,General,English
2034,Vignan Degree College,B.Com,Computers,English
2034,Vignan Degree College,B.Com,General,Telugu
2034,Vignan Degree College,B.Sc,Mathematics/Physics/ComputerScience,English
2034,Vignan Degree College,B.Sc,Mathematics/Stastitics/ComputerScience,English
2035,Jagruthi Degree College,B.A,Economics/Pol.Science/History,Telugu
2035,Jagruthi Degree College,B.Com,Computers,English
2035,Jagruthi Degree College,B.Com,General,English
2035,Jagruthi Degree College,B.Com,General,Telugu
2036,Sri Chaitanya Degree College,B.Com,Computers,English
2036,Sri Chaitanya Degree College,B.Com,General,English
2036,Sri Chaitanya Degree College,B.Sc,Mathematics/Physics/ComputerScience,English
2037,Govt. Degree College,B.A,Economics/Pol.Science/History,Telugu
2037,Govt. Degree College,B.Com,ComputerApplication(Vocational),English
2037,Govt. Degree College,B.Com,General,English
2037,Govt. Degree College,B.Com,General,Telugu
2037,Govt. Degree College,B.Sc,Botany/Zoology/Chemistry,Telugu
2037,Govt. Degree College,B.Sc,Mathemaics/Physics/Chemistry,Telugu
2037,Govt. Degree College,B.Sc,Mathematics/Physics/ComputerScience,English
2038,Govt. Degree College,B.A,Economics/Pol.Science/History,Telugu
2038,Govt. Degree College,B.Com,Computers,English
2038,Govt. Degree College,B.Com,General,Telugu
2038,Govt. Degree College,B.Sc,Botany/Zoology/Chemistry,Telugu
2038,Govt. Degree College,B.Sc,Mathemaics/Physics/Chemistry,Telugu
2038,Govt. Degree College,B.Sc,Mathematics/Chemistry/ComputerScience,English
2039,Govt. Degree College,B.A,Economics/Commerce/ComputerApplications,English
2039,Govt. Degree College,B.A,Economics/Pol.Science/History,Telugu
2039,Govt. Degree College,B.Com,ComputerApplication(Vocational),English
2039,Govt. Degree College,B.Com,Computers,English
2039,Govt. Degree College,B.Com,General,Telugu
2039,Govt. Degree College,B.Sc,Botany/Zoology/Chemistry,Telugu
2039,Govt. Degree College,B.Sc,Mathemaics/Physics/Chemistry,English
2039,Govt. Degree College,B.Sc,Mathematics/Physics/ComputerScience,English
2039,Govt. Degree College,B.Sc,Mathematics/Stastitics/ComputerScience,English
2040,Govt. Degree College,B.A,Economics/Pol.Science/History,Telugu
2040,Govt. Degree College,B.Com,General,Telugu
2040,Govt. Degree College,B.Com,General,Urdu
2040,Govt. Degree College,B.Sc,Botany/Zoology/Chemistry,Telugu
2040,Govt. Degree College,B.Sc,Mathemaics/Physics/Chemistry,Telugu
2041,Govt. Degree College,B.A,Economics/Pol.Science/History,Telugu
2041,Govt. Degree College,B.Com,Computers,English
2041,Govt. Degree College,B.Com,General,Telugu
2041,Govt. Degree College,B.Sc,Botany/Zoology/Chemistry,Telugu
2041,Govt. Degree College,B.Sc,Mathemaics/Physics/Chemistry,Telugu
2041,Govt. Degree College,B.Sc,Mathematics/Physics/ComputerScience,English
2042,Prathibha Degree College,B.A,Economics/Pol.Science/History,Telugu
2042,Prathibha Degree College,B.A,Economics/Pol.Science/PublicAdmn.,English
2042,Prathibha Degree College,B.A,History/Pol.Science/PublicAdministration,English
2042,Prathibha Degree College,B.Com,Computers,English
2042,Prathibha Degree College,B.Com,General,English
2042,Prathibha Degree College,B.Sc,Botany/Zoology/Chemistry,English
2042,Prathibha Degree College,B.Sc,Mathemaics/Physics/Chemistry,English
2042,Prathibha Degree College,B.Sc,Mathematics/Physics/ComputerScience,English
2042,Prathibha Degree College,B.Sc,Microbiology/Zoology/Chemistry,English
2043,Mahila Dikshitha Samithi Degree College for Women,B.Com,Computers,English
2043,Mahila Dikshitha Samithi Degree College for Women,B.Sc,Mathematics/Stastitics/ComputerScience,English
2044,Sindhu Degree College,B.A,Economics/Pol.Science/History,Telugu
2044,Sindhu Degree College,B.Com,Computers,English
2044,Sindhu Degree College,B.Com,General,Telugu
2044,Sindhu Degree College,B.Sc,Botany/Zoology/Chemistry,English
2044,Sindhu Degree College,B.Sc,Mathemaics/Physics/Chemistry,English
2044,Sindhu Degree College,B.Sc,Mathematics/Physics/ComputerScience,English
2045,Sri Vaagdevi Degree College,B.Com,Computers,English
2045,Sri Vaagdevi Degree College,B.Com,General,English
2045,Sri Vaagdevi Degree College,B.Sc,Botany/Zoology/Chemistry,English
2045,Sri Vaagdevi Degree College,B.Sc,Mathemaics/Physics/Chemistry,Telugu
2045,Sri Vaagdevi Degree College,B.Sc,Mathematics/Physics/ComputerScience,English
2045,Sri Vaagdevi Degree College,B.Sc,Mathematics/Stastitics/ComputerScience,English
2051,Jagruthy Womens Degree College,B.A,Economics/Pol.Science/PublicAdmn.,Telugu
2051,Jagruthy Womens Degree College,B.Com,Computers,English
2051,Jagruthy Womens Degree College,B.Com,General,Telugu
2051,Jagruthy Womens Degree College,B.Sc,Mathemaics/Physics/Chemistry,English
2052,Netra Vidyalayam Degree College for Blind,B.A,Economics/Pol.Science/History,English
2052,Netra Vidyalayam Degree College for Blind,B.A,Economics/Pol.Science/PublicAdmn.,English
2052,Netra Vidyalayam Degree College for Blind,B.Com,Computers,English
2053,IITM,B.Com,Computers,English
2053,IITM,B.Com,General,English
2053,IITM,B.Sc,Mathematics/Stastitics/ComputerScience,English
2054,Vanitha Degree College for Women,B.Com,Computers,English
2054,Vanitha Degree College for Women,B.Com,General,English
2054,Vanitha Degree College for Women,B.Sc,Chemistry/Zoology/BioChemistry,English
2054,Vanitha Degree College for Women,B.Sc,Mathematics/Chemistry/ComputerScience,English
2054,Vanitha Degree College for Women,B.Sc,Mathematics/Physics/ComputerScience,English
2054,Vanitha Degree College for Women,B.Sc,Mathematics/Stastitics/ComputerScience,English
2055,Galaxy Degree College,B.Com,Computers,English
2055,Galaxy Degree College,B.Com,General,English
2055,Galaxy Degree College,B.Sc,Mathematics/Physics/ComputerScience,English
2056,New Badruka Degree College,B.A,Economics/Pol.Science/History,Telugu
2056,New Badruka Degree College,B.Com,Computers,English
2056,New Badruka Degree College,B.Com,General,Telugu
2057,PJRs Memorial Sai Teja Degree College,B.Com,Computers,English
2057,PJRs Memorial Sai Teja Degree College,B.Sc,Mathematics/Stastitics/ComputerScience,English
2058,Sai Teja Degree College,B.A,Economics/Pol.Science/PublicAdmn.,English
2058,Sai Teja Degree College,B.Com,Computers,English
2058,Sai Teja Degree College,B.Com,General,English
2058,Sai Teja Degree College,B.Sc,Mathematics/Stastitics/ComputerScience,English
2059,Pragnya Womens Degree College,B.Com,Computers,English
2059,Pragnya Womens Degree College,B.Com,General,English
2059,Pragnya Womens Degree College,B.Sc,Mahtematics/Electronics/ComputerScience,English
2059,Pragnya Womens Degree College,B.Sc,Mathematics/Stastitics/ComputerScience,English
2061,Pragathi Womens Degree college,B.Com,Computers,English
2061,Pragathi Womens Degree college,B.Com,General,English
2061,Pragathi Womens Degree college,B.Sc,Mathematics/Stastitics/ComputerScience,English
2062,Rainbow Integrated Degree college,B.A,English/Pol.Science/PublicAdministration,English
2062,Rainbow Integrated Degree college,B.Com,Computers,English
2062,Rainbow Integrated Degree college,B.Com,General,English
2062,Rainbow Integrated Degree college,B.Sc,Mathematics/Physics/ComputerScience,English
2062,Rainbow Integrated Degree college,B.Sc,Mathematics/Stastitics/ComputerScience,English
2064,Vishwa Chaitany Women’s Degree College,B.Com,Computers,English
2064,Vishwa Chaitany Women’s Degree College,B.Com,General,English
2064,Vishwa Chaitany Women’s Degree College,B.Sc,Mathematics/Stastitics/ComputerScience,English
2064,Vishwa Chaitany Women’s Degree College,B.A,Economics/Pol.Science/History,Telugu
2066,Spandana Womens Degree College,B.Com,Computers,English
2066,Spandana Womens Degree College,B.Com,General,English
2066,Spandana Womens Degree College,B.Sc,Botany/Zoology/Chemistry,English
2066,Spandana Womens Degree College,B.Sc,Mathematics/Chemistry/ComputerScience,English
2066,Spandana Womens Degree College,B.Sc,Mathematics/Physics/ComputerScience,English
2066,Spandana Womens Degree College,B.Sc,Mathematics/Stastitics/ComputerScience,English
2067,Frobel’s Degree College,B.Com,Computers,English
2067,Frobel’s Degree College,B.Com,General,English
2067,Frobel’s Degree College,B.Sc,Mathematics/Stastitics/ComputerScience,English
2068,KLR Degree College,B.Com,Computers,English
2068,KLR Degree College,B.Com,General,English
2068,KLR Degree College,B.Sc,Mathematics/Physics/ComputerScience,English
2068,KLR Degree College,B.Sc,Mathematics/Stastitics/ComputerScience,English
2069,Vignan Degree College,B.Com,Computers,English
2069,Vignan Degree College,B.Com,General,English
2069,Vignan Degree College,B.Sc,Mathematics/Stastitics/ComputerScience,English
2070,Nagarjuna Degree College,B.A,Economics/Pol.Science/History,Telugu
2070,Nagarjuna Degree College,B.A,Economics/Pol.Science/PublicAdmn.,Telugu
2070,Nagarjuna Degree College,B.Com,General,Telugu
2071,Bhavitha Degree College,B.Com,Computers,English
2071,Bhavitha Degree College,B.Com,General,English
2071,Bhavitha Degree College,B.Sc,Mathematics/Stastitics/ComputerScience,English
2072,Siddhartha Degree College,B.A,Economics/Pol.Science/History,Telugu
2072,Siddhartha Degree College,B.Com,Computers,English
2072,Siddhartha Degree College,B.Com,General,Telugu
2074,Gowthami Women's Degree College Shamshabad,B.Com,Computers,English
2074,Gowthami Women's Degree College Shamshabad,B.Com,General,English
2074,Gowthami Women's Degree College Shamshabad,B.Sc,Mathematics/Physics/ComputerScience,English
2074,Gowthami Women's Degree College Shamshabad,B.Sc,Mathematics/Stastitics/ComputerScience,English
2075,Haindavi Degree College,B.Com,Computers,English
2075,Haindavi Degree College,B.Com,General,English
2075,Haindavi Degree College,B.Sc,Mathematics/Physics/ComputerScience,English
2076,Vijetha Degree College for Women,B.Com,Computers,English
2076,Vijetha Degree College for Women,B.Com,General,English
2076,Vijetha Degree College for Women,B.Sc,Mathematics/Stastitics/ComputerScience,English
2077,Sri Chaitanya Degree College,B.A,Economics/ History/ Public Administration,English
2077,Sri Chaitanya Degree College,B.A,History/ Public Administration/ Geography,English
2079,Kavitha Degree College for Women,B.A,Economics/Pol.Science/History,Telugu
2079,Kavitha Degree College for Women,B.Com,Computers,English
2079,Kavitha Degree College for Women,B.Com,General,Telugu
2080,Balaji Degree College,B.A,Economics/Pol.Science/History,Telugu
2080,Balaji Degree College,B.Com,Computers,English
2080,Balaji Degree College,B.Com,General,English
2081,Anish Degree College,B.Com,Computers,English
2081,Anish Degree College,B.Com,General,English
2081,Anish Degree College,BBA,Bachelor of Business Administration,English
2082,PMR Degree College,B.Com,Computers,English
2082,PMR Degree College,B.Com,General,English
2082,PMR Degree College,B.Sc,Mathematics/Physics/ComputerScience,English
2082,PMR Degree College,B.Sc,Mathematics/Stastitics/ComputerScience,English
2083,Sahithi Degree College for Women,B.Com,Computers,English
2083,Sahithi Degree College for Women,B.Com,General,English
2083,Sahithi Degree College for Women,B.Sc,Mathematics/Physics/ComputerScience,English
2083,Sahithi Degree College for Women,B.Sc,Mathematics/Stastitics/ComputerScience,English
2084,Geethanjali Degree College,B.Com,Computers,English
2084,Geethanjali Degree College,B.Com,General,English
2084,Geethanjali Degree College,B.Sc,Mathematics/Physics/ComputerScience,English
2085,Avinash Degree College,B.A,Economics/Pol.Science/PublicAdmn.,English
2085,Avinash Degree College,B.Com,Computers,English
2085,Avinash Degree College,B.Com,General,English
2085,Avinash Degree College,BBA,Bachelor of Business Administration,English
2086,Avinash Degree College,B.A,Economics/Pol.Science/PublicAdmn.,English
2086,Avinash Degree College,B.Com,Computers,English
2086,Avinash Degree College,B.Com,General,English
2086,Avinash Degree College,BBA,Bachelor of Business Administration,English
2087,Holy Mary Degree College,B.Com,Computers,English
2087,Holy Mary Degree College,B.Com,General,English
2087,Holy Mary Degree College,B.Sc,Mathematics/Statistics/ComputerScience,English
2087,Holy Mary Degree College,BBA,Bachelor of Business Administration,English
2088,Silver Jubilee Degree College for Women,B.Com,Computers,English
2088,Silver Jubilee Degree College for Women,B.Com,General,English
2088,Silver Jubilee Degree College for Women,B.Sc,Mathematics/Stastitics/ComputerScience,English
2089,New Pragathi Degree College of Commerce & Sc.,B.Com,Computers,English
2089,New Pragathi Degree College of Commerce & Sc.,B.Com,General,English
2089,New Pragathi Degree College of Commerce & Sc.,B.Sc,Mathematics/Statistics/ComputerScience,English
2090,Govt. Degree College,B.Com,General,English
2090,Govt. Degree College,B.Com,General,Telugu
2091,Dr. Narayana Degree College of Commerce & Sc.,B.Sc,Mathematics/Stastitics/ComputerScience,English
2091,Dr. Narayana Degree College of Commerce & Sc.,BBA,Bachelor of Business Administration,English
2092,Narayana Degree College,B.A,History/ Public Administration/ Geography,English
2093,Great India Degree College,BBA,Bachelor of Business Administration,English
2094,Sree Bindu Degree College,B.Com,Computers,English
2094,Sree Bindu Degree College,B.Com,General,English
2094,Sree Bindu Degree College,B.Sc,Mathematics/Physics/ComputerScience,English
2094,Sree Bindu Degree College,B.Sc,Mathematics/Stastitics/ComputerScience,English
2095,Infant Jesus Degree College,B.Com,Computers,English
2095,Infant Jesus Degree College,B.Com,General,English
2095,Infant Jesus Degree College,B.Sc,Mathematics/Physics/ComputerScience,English
2095,Infant Jesus Degree College,B.Sc,Mathematics/Stastitics/ComputerScience,English
2096,Saanvi Degree College for Women,B.Com,ComputerApplication(Vocational),English
2096,Saanvi Degree College for Women,B.Com,Computers,English
2096,Saanvi Degree College for Women,B.Com,General,English
2096,Saanvi Degree College for Women,B.Sc,Mathematics/Stastitics/ComputerScience,English
2097,Akshara Degree College,B.Com,Computers,English
2097,Akshara Degree College,B.Com,General,Telugu
2097,Akshara Degree College,B.Sc,Mathematics/Physics/ComputerScience,English
2097,Akshara Degree College,B.Sc,Mathematics/Stastitics/ComputerScience,English
6001,Vashista Degree College,B.A,Economics/Pol.Science/PublicAdmn.,Telugu
6001,Vashista Degree College,B.Com,Computers,English
6001,Vashista Degree College,B.Com,General,English
6001,Vashista Degree College,B.Sc,Botany/Zoology/Chemistry,English
6001,Vashista Degree College,B.Sc,Mathemaics/Physics/Chemistry,English
6001,Vashista Degree College,B.Sc,Mathematics/Physics/ComputerScience,English
6002,Acharya Degree College,B.A,Economics/Pol.Science/History,Telugu
6002,Acharya Degree College,B.Com,Computers,English
6002,Acharya Degree College,B.Com,General,Telugu
6002,Acharya Degree College,B.Sc,Botany/Zoology/Chemistry,English
6002,Acharya Degree College,B.Sc,Botany/Zoology/Chemistry,Telugu
6002,Acharya Degree College,B.Sc,Mathemaics/Physics/Chemistry,English
6002,Acharya Degree College,B.Sc,Mathematics/Physics/ComputerScience,English
6004,Adharsha Degree College,B.A,Economics/Pol.Science/History,Telugu
6004,Adharsha Degree College,B.A,Economics/Pol.Science/PublicAdmn.,Telugu
6004,Adharsha Degree College,B.A,History/Pol.Science/Telugu,Telugu
6004,Adharsha Degree College,B.Com,Computers,English
6004,Adharsha Degree College,B.Sc,Bio-Technology/Zoology/Chemistry,English
6004,Adharsha Degree College,B.Sc,Botany/Zoology/Chemistry,Telugu
6004,Adharsha Degree College,B.Sc,Mathemaics/Physics/Chemistry,Telugu
6004,Adharsha Degree College,B.Sc,Mathematics/Physics/ComputerScience,English
6005,Anuradha Memorial Degree Coll.,B.A,Economics/Pol.Science/History,Telugu
6005,Anuradha Memorial Degree Coll.,B.A,Economics/Pol.Science/PublicAdmn.,Telugu
6005,Anuradha Memorial Degree Coll.,B.Com,General,Telugu
6005,Anuradha Memorial Degree Coll.,B.Sc,Botany/Zoology/Chemistry,Telugu
6005,Anuradha Memorial Degree Coll.,B.Sc,Mathemaics/Physics/Chemistry,Telugu
6006,Baptist Degree College,B.Com,Computers,English
6006,Baptist Degree College,B.Com,General,English
6006,Baptist Degree College,B.Sc,Mathematics/Physics/ComputerScience,English
6007,BMR Degree College,B.A,Economics/Pol.Science/PublicAdmn.,Telugu
6007,BMR Degree College,B.A,Economics/Pol.Science/Telugu,Telugu
6007,BMR Degree College,B.Com,Computers,English
6007,BMR Degree College,B.Com,General,English
6007,BMR Degree College,B.Com,General,Telugu
6007,BMR Degree College,B.Sc,Botany/Zoology/Chemistry,English
6007,BMR Degree College,B.Sc,Botany/Zoology/Chemistry,Telugu
6007,BMR Degree College,B.Sc,Mathemaics/Physics/Chemistry,English
6007,BMR Degree College,B.Sc,Mathemaics/Physics/Chemistry,Telugu
6007,BMR Degree College,B.Sc,Mathematics/Chemistry/ComputerScience,English
6007,BMR Degree College,B.Sc,Mathematics/Physics/ComputerScience,English
6008,BMR Degree College,B.A,Economics/Pol.Science/History,Telugu
6008,BMR Degree College,B.A,Economics/Pol.Science/PublicAdmn.,Telugu
6008,BMR Degree College,B.A,Economics/Pol.Science/Telugu,Telugu
6008,BMR Degree College,B.A,History/Pol.Science/Telugu,Telugu
6008,BMR Degree College,B.Com,Computers,English
6008,BMR Degree College,B.Com,General,Telugu
6008,BMR Degree College,B.Sc,Bio-Technology/Zoology/Chemistry,English
6008,BMR Degree College,B.Sc,Botany/Zoology/Chemistry,English
6008,BMR Degree College,B.Sc,Botany/Zoology/Chemistry,Telugu
6008,BMR Degree College,B.Sc,Mathemaics/Physics/Chemistry,English
6008,BMR Degree College,B.Sc,Mathemaics/Physics/Chemistry,Telugu
6008,BMR Degree College,B.Sc,Mathematics/Chemistry/ComputerScience,English
6008,BMR Degree College,B.Sc,Mathematics/Physics/ComputerScience,English
6012,Ellenki Degree College (Co-Education),B.A,Economics/Pol.Science/PublicAdmn.,Telugu
6012,Ellenki Degree College (Co-Education),B.Com,Computers,English
6012,Ellenki Degree College (Co-Education),B.Com,General,Telugu
6012,Ellenki Degree College (Co-Education),B.Sc,Botany/Zoology/Chemistry,Telugu
6012,Ellenki Degree College (Co-Education),B.Sc,Mathemaics/Physics/Chemistry,English
6012,Ellenki Degree College (Co-Education),B.Sc,Mathemaics/Physics/Chemistry,Telugu
6014,Ellenki Degree College,B.Com,ComputerApplication(Vocational),English
6014,Ellenki Degree College,B.Com,Computers,English
6014,Ellenki Degree College,B.Com,General,English
6014,Ellenki Degree College,B.Com,General,Telugu
6014,Ellenki Degree College,B.Sc,Botany/Zoology/Chemistry,English
6014,Ellenki Degree College,B.Sc,Botany/Zoology/Chemistry,Telugu
6014,Ellenki Degree College,B.Sc,Mathemaics/Physics/Chemistry,English
6014,Ellenki Degree College,B.Sc,Mathemaics/Physics/Chemistry,Telugu
6014,Ellenki Degree College,B.Sc,Mathematics/Physics/ComputerScience,English
6016,Geetanjali Degree College,B.A,Economics/Pol.Science/Telugu,Telugu
6016,Geetanjali Degree College,B.Com,Computers,English
6016,Geetanjali Degree College,B.Sc,Bio-Technology/Zoology/Chemistry,English
6016,Geetanjali Degree College,B.Sc,Botany/Zoology/Chemistry,Telugu
6016,Geetanjali Degree College,B.Sc,Mathemaics/Physics/Chemistry,Telugu
6016,Geetanjali Degree College,B.Sc,Mathematics/Chemistry/ComputerScience,English
6016,Geetanjali Degree College,B.Sc,Mathematics/Physics/ComputerScience,English
6017,Govt. Degree College for women,B.A,Economics/Pol.Science/History,Telugu
6017,Govt. Degree College for women,B.Com,General,Telugu
6017,Govt. Degree College for women,B.Sc,Botany/Zoology/Chemistry,Telugu
6017,Govt. Degree College for women,B.Sc,Mathemaics/Physics/Chemistry,Telugu
6018,Govt. Degree College for Women,B.A,Economics/Pol.Science/History,Telugu
6018,Govt. Degree College for Women,B.Com,General,Telugu
6018,Govt. Degree College for Women,B.Sc,Botany/Zoology/Chemistry,Telugu
6018,Govt. Degree College for Women,B.Sc,Mathemaics/Physics/Chemistry,Telugu
6019,Govt.Degree College,B.A,Economics/ Psychology/ Marketing Management,Telugu
6019,Govt.Degree College,B.A,Economics/Pol.Science/PublicAdmn.,Telugu
6019,Govt.Degree College,B.Com,ComputerApplication(Vocational),English
6019,Govt.Degree College,B.Com,Computers,English
6019,Govt.Degree College,B.Sc,Mathemaics/Physics/Chemistry,English
6019,Govt.Degree College,B.Sc,Mathematics/Physics/ComputerScience,English
6019,Govt.Degree College,B.Sc,Microbiology/Botany/Chemistry,English
6020,Govt. Degree College,B.A,Economics/Pol.Science/History,Telugu
6020,Govt. Degree College,B.Com,General,Telugu
6020,Govt. Degree College,B.Sc,Botany/Zoology/Chemistry,Telugu
6020,Govt. Degree College,B.Sc,Mathemaics/Physics/Chemistry,Telugu
6021,Govt. Degree College,B.A,Economics/Pol.Science/History,Telugu
6021,Govt. Degree College,B.Com,General,Telugu
6021,Govt. Degree College,B.Sc,Botany/Zoology/Chemistry,Telugu
6021,Govt. Degree College,B.Sc,Mathemaics/Physics/Chemistry,Telugu
6022,Govt. Degree College,B.A,Economics/Pol.Science/History,Telugu
6022,Govt. Degree College,B.Com,General,Telugu
6022,Govt. Degree College,B.Sc,Botany/Zoology/Chemistry,Telugu
6022,Govt. Degree College,B.Sc,Mathemaics/Physics/Chemistry,Telugu
6023,Govt. Degree College,B.A,Economics/Pol.Science/History,Telugu
6023,Govt. Degree College,B.Com,General,Telugu
6023,Govt. Degree College,B.Sc,Botany/Zoology/Chemistry,Telugu
6023,Govt. Degree College,B.Sc,Mathemaics/Physics/Chemistry,Telugu
6024,Govt.Degree college for Women,B.A,Economics/Pol.Science/History,Telugu
6024,Govt.Degree college for Women,B.A,Economics/Pol.Science/History,Urdu
6024,Govt.Degree college for Women,B.Com,ComputerApplication(Vocational),English
6024,Govt.Degree college for Women,B.Com,General,Telugu
6024,Govt.Degree college for Women,B.Sc,Botany/Zoology/Chemistry,Telugu
6024,Govt.Degree college for Women,B.Sc,Mathemaics/Physics/Chemistry,Telugu
6024,Govt.Degree college for Women,B.Sc,Mathematics/Physics/ComputerScience,English
6025,Govt. Degree College,B.A,Econ1/PublicAdministration/ComputerApplications,English
6025,Govt. Degree College,B.A,Economics/Pol.Science/History,Telugu
6025,Govt. Degree College,B.A,Economics/Pol.Science/PublicAdmn.,Telugu
6025,Govt. Degree College,B.A,History/Pol.Science/Telugu,Telugu
6025,Govt. Degree College,B.A,History/PublicAdministration/Telugu,Telugu
6025,Govt. Degree College,B.Com,ComputerApplication(Vocational),English
6025,Govt. Degree College,B.Com,General,English
6025,Govt. Degree College,B.Com,General,Telugu
6025,Govt. Degree College,B.Sc,BioTechnology/Botany/Chemistry,English
6025,Govt. Degree College,B.Sc,Botany/Zoology/Chemistry,English
6025,Govt. Degree College,B.Sc,Botany/Zoology/Chemistry,Telugu
6025,Govt. Degree College,B.Sc,Fisheries/Zoology/Chemistry,English
6025,Govt. Degree College,B.Sc,Mahtematics/Electronics/ComputerScience,English
6025,Govt. Degree College,B.Sc,Mathemaics/Physics/Chemistry,English
6025,Govt. Degree College,B.Sc,Mathemaics/Physics/Chemistry,Telugu
6025,Govt. Degree College,B.Sc,Mathematics/Physics/ComputerScience,English
6025,Govt. Degree College,B.Sc,Microbiology/Zoology/Chemistry,English
6026,Govt. Degree College,B.A,Economics/Pol.Science/History,Telugu
6026,Govt. Degree College,B.A,Economics/Pol.Science/History,Urdu
6026,Govt. Degree College,B.Com,Computers,English
6026,Govt. Degree College,B.Com,General,Telugu
6026,Govt. Degree College,B.Com,General,Urdu
6026,Govt. Degree College,B.Sc,Botany/Zoology/Chemistry,Telugu
6026,Govt. Degree College,B.Sc,Mathemaics/Physics/Chemistry,Telugu
6027,Govt.Degree College,B.A,Economics/Pol.Science/History,Telugu
6027,Govt.Degree College,B.Com,General,Telugu
6027,Govt.Degree College,B.Sc,Botany/Zoology/Chemistry,Telugu
6027,Govt.Degree College,B.Sc,Mathemaics/Physics/Chemistry,Telugu
6028,Govt. Degree College (Co-Ed),B.A,Economics/Pol.Science/History,Telugu
6028,Govt. Degree College (Co-Ed),B.A,History/Pol.Science/PublicAdministration,Telugu
6028,Govt. Degree College (Co-Ed),B.Com,Computers,English
6028,Govt. Degree College (Co-Ed),B.Com,General,Telugu
6028,Govt. Degree College (Co-Ed),B.Sc,Botany/Zoology/Chemistry,Telugu
6028,Govt. Degree College (Co-Ed),B.Sc,Chemistry/Zoology/Genetics,English
6028,Govt. Degree College (Co-Ed),B.Sc,Mathemaics/Physics/Chemistry,Telugu
6028,Govt. Degree College (Co-Ed),B.Sc,Mathematics/Physics/ComputerScience,English
6028,Govt. Degree College (Co-Ed),B.Sc,Mathematics/Stastitics/ComputerScience,English
6029,Govt. Degree College for Women,B.A,Economics/Pol.Science/History,Telugu
6029,Govt. Degree College for Women,B.Com,General,Telugu
6029,Govt. Degree College for Women,B.Sc,Botany/Zoology/Chemistry,Telugu
6029,Govt. Degree College for Women,B.Sc,Mathemaics/Physics/Chemistry,Telugu
6031,Jagruthi Degree College,B.A,Economics/Pol.Science/History,Telugu
6031,Jagruthi Degree College,B.Com,Computers,English
6031,Jagruthi Degree College,B.Com,General,Telugu
6031,Jagruthi Degree College,B.Sc,Botany/Zoology/Chemistry,Telugu
6031,Jagruthi Degree College,B.Sc,Mathemaics/Physics/Chemistry,Telugu
6031,Jagruthi Degree College,B.Sc,Mathematics/Physics/ComputerScience,English
6032,Manjeera Degree College,B.A,Economics/Pol.Science/PublicAdmn.,Telugu
6032,Manjeera Degree College,B.A,Economics/Pol.Science/Telugu,Telugu
6032,Manjeera Degree College,B.Com,Computers,English
6032,Manjeera Degree College,B.Com,General,Telugu
6032,Manjeera Degree College,B.Sc,Botany/Zoology/Chemistry,Telugu
6032,Manjeera Degree College,B.Sc,Mathemaics/Physics/Chemistry,Telugu
6032,Manjeera Degree College,B.Sc,Mathematics/Physics/ComputerScience,English
6033,Manjeera Degree College,B.A,Economics/Pol.Science/History,English
6033,Manjeera Degree College,B.A,Economics/Pol.Science/PublicAdmn.,Telugu
6033,Manjeera Degree College,B.A,History/Pol.Science/PublicAdministration,Telugu
6033,Manjeera Degree College,B.Com,Computers,English
6033,Manjeera Degree College,B.Com,General,English
6033,Manjeera Degree College,B.Com,General,Telugu
6033,Manjeera Degree College,B.Sc,Botany/Zoology/Chemistry,Telugu
6033,Manjeera Degree College,B.Sc,Mathemaics/Physics/Chemistry,English
6033,Manjeera Degree College,B.Sc,Mathemaics/Physics/Chemistry,Telugu
6033,Manjeera Degree College,B.Sc,Mathematics/Physics/ComputerScience,English
6033,Manjeera Degree College,B.Sc,Mathematics/Stastitics/ComputerScience,English
6034,MVG Memorial Degree Collegge,B.A,Economics/Pol.Science/PublicAdmn.,Telugu
6034,MVG Memorial Degree Collegge,B.A,History/Pol.Science/PublicAdministration,Telugu
6034,MVG Memorial Degree Collegge,B.Com,Computers,English
6034,MVG Memorial Degree Collegge,B.Sc,Mathematics/Physics/ComputerScience,English
6035,Nagarjuna Degree College,B.Com,Computers,English
6035,Nagarjuna Degree College,B.Com,General,Telugu
6035,Nagarjuna Degree College,B.Sc,Botany/Zoology/Chemistry,English
6035,Nagarjuna Degree College,B.Sc,Botany/Zoology/Chemistry,Telugu
6035,Nagarjuna Degree College,B.Sc,Mathemaics/Physics/Chemistry,English
6035,Nagarjuna Degree College,B.Sc,Mathemaics/Physics/Chemistry,Telugu
6035,Nagarjuna Degree College,B.Sc,Mathematics/Physics/ComputerScience,English
6035,Nagarjuna Degree College,B.Sc,Mathematics/Stastitics/ComputerScience,English
6036,Nagarjuna Degree College,B.A,Economics/Pol.Science/PublicAdmn.,Telugu
6036,Nagarjuna Degree College,B.Com,Computers,English
6036,Nagarjuna Degree College,B.Com,General,Telugu
6036,Nagarjuna Degree College,B.Sc,Botany/Zoology/Chemistry,Telugu
6036,Nagarjuna Degree College,B.Sc,Mahtematics/Electronics/ComputerScience,English
6036,Nagarjuna Degree College,B.Sc,Mathemaics/Physics/Chemistry,Telugu
6036,Nagarjuna Degree College,B.Sc,Mathematics/Physics/ComputerScience,English
6037,Nalanda Degree College,B.A,Economics/Pol.Science/PublicAdmn.,Telugu
6037,Nalanda Degree College,B.Com,Computers,English
6037,Nalanda Degree College,B.Com,General,Telugu
6037,Nalanda Degree College,B.Sc,Botany/Zoology/Chemistry,Telugu
6037,Nalanda Degree College,B.Sc,Mathemaics/Physics/Chemistry,Telugu
6037,Nalanda Degree College,B.Sc,Mathematics/Physics/ComputerScience,English
6038,Nehru Memorial Govt. Degree College,B.A,Economics/Pol.Science/History,Telugu
6038,Nehru Memorial Govt. Degree College,B.A,Economics/Pol.Science/PublicAdmn.,Telugu
6038,Nehru Memorial Govt. Degree College,B.A,History/Pol.Science/PublicAdministration,Telugu
6038,Nehru Memorial Govt. Degree College,B.Com,Computers,English
6038,Nehru Memorial Govt. Degree College,B.Com,General,Telugu
6038,Nehru Memorial Govt. Degree College,B.Sc,Botany/Zoology/Chemistry,Telugu
6038,Nehru Memorial Govt. Degree College,B.Sc,Mathemaics/Physics/Chemistry,Telugu
6038,Nehru Memorial Govt. Degree College,B.Sc,Mathematics/Physics/ComputerScience,English
6038,Nehru Memorial Govt. Degree College,B.Sc,Microbiology/Zoology/Chemistry,English
6039,Pratibha Degree College,B.A,Economics/Pol.Science/Telugu,Telugu
6039,Pratibha Degree College,B.Com,Computers,English
6039,Pratibha Degree College,B.Com,General,Telugu
6039,Pratibha Degree College,B.Sc,Botany/Zoology/Chemistry,English
6039,Pratibha Degree College,B.Sc,Botany/Zoology/Chemistry,Telugu
6039,Pratibha Degree College,B.Sc,Mathemaics/Physics/Chemistry,English
6039,Pratibha Degree College,B.Sc,Mathemaics/Physics/Chemistry,Telugu
6039,Pratibha Degree College,B.Sc,Mathematics/Physics/ComputerScience,English
6040,Royal Degree College,B.A,Economics/Pol.Science/History,Telugu
6040,Royal Degree College,B.Com,Computers,English
6040,Royal Degree College,B.Sc,Botany/Chemistry/ComputerApplns.,English
6040,Royal Degree College,B.Sc,Botany/Zoology/Chemistry,Telugu
6040,Royal Degree College,B.Sc,Mahtematics/Electronics/ComputerScience,English
6041,SVB (Master's) Degree College,B.A,Economics/Pol.Science/History,Telugu
6041,SVB (Master's) Degree College,B.A,History/Pol.Science/Telugu,Telugu
6041,SVB (Master's) Degree College,B.Com,Computers,English
6041,SVB (Master's) Degree College,B.Com,General,English
6041,SVB (Master's) Degree College,B.Com,General,Telugu
6041,SVB (Master's) Degree College,B.Sc,Botany/Zoology/Chemistry,Telugu
6041,SVB (Master's) Degree College,B.Sc,Mathemaics/Physics/Chemistry,Telugu
6041,SVB (Master's) Degree College,B.Sc,Mathematics/Physics/ComputerScience,English
6042,Sanga Mithra Degree College,B.A,Economics/ Public Administration/ Telugu (ML),Telugu
6042,Sanga Mithra Degree College,B.A,Economics/Pol.Science/History,Telugu
6042,Sanga Mithra Degree College,B.A,Economics/Pol.Science/PublicAdmn.,Telugu
6042,Sanga Mithra Degree College,B.Com,Computers,English
6042,Sanga Mithra Degree College,B.Com,General,Telugu
6042,Sanga Mithra Degree College,B.Sc,Botany/Zoology/Chemistry,Telugu
6042,Sanga Mithra Degree College,B.Sc,Mathemaics/Physics/Chemistry,Telugu
6043,Sarvepally Radhakrishna Degree College,B.Com,Computers,English
6043,Sarvepally Radhakrishna Degree College,B.Com,General,Telugu
6043,Sarvepally Radhakrishna Degree College,B.Sc,BioTechnology/Botany/Chemistry,English
6043,Sarvepally Radhakrishna Degree College,B.Sc,Botany/Zoology/Chemistry,English
6043,Sarvepally Radhakrishna Degree College,B.Sc,Botany/Zoology/Chemistry,Telugu
6043,Sarvepally Radhakrishna Degree College,B.Sc,Mathemaics/Physics/Chemistry,English
6043,Sarvepally Radhakrishna Degree College,B.Sc,Mathemaics/Physics/Chemistry,Telugu
6043,Sarvepally Radhakrishna Degree College,B.Sc,Mathematics/Chemistry/ComputerScience,English
6043,Sarvepally Radhakrishna Degree College,B.Sc,Mathematics/Physics/ComputerScience,English
6043,Sarvepally Radhakrishna Degree College,B.Sc,Microbiology/Biotechnology/Chemistry,English
6043,Sarvepally Radhakrishna Degree College,B.Sc,Microbiology/Botany/Chemistry,English
6044,Sneha Degree College,B.A,Economics/Pol.Science/History,Telugu
6044,Sneha Degree College,B.A,Economics/Pol.Science/PublicAdmn.,Telugu
6044,Sneha Degree College,B.Com,Computers,English
6044,Sneha Degree College,B.Com,General,Telugu
6044,Sneha Degree College,B.Sc,Bio-Technology/Zoology/Chemistry,English
6044,Sneha Degree College,B.Sc,Botany/Zoology/Chemistry,English
6044,Sneha Degree College,B.Sc,Botany/Zoology/Chemistry,Telugu
6044,Sneha Degree College,B.Sc,Mathemaics/Physics/Chemistry,Telugu
6044,Sneha Degree College,B.Sc,Mathematics/Physics/ComputerScience,English
6045,Sri Chaitanya Degree College,B.A,Economics/Pol.Science/PublicAdmn.,Telugu
6045,Sri Chaitanya Degree College,B.A,History/Pol.Science/Telugu,Telugu
6046,Sri Maruthi Degree College,B.A,Economics/Pol.Science/PublicAdmn.,Telugu
6046,Sri Maruthi Degree College,B.Com,Computers,English
6046,Sri Maruthi Degree College,B.Com,General,Telugu
6046,Sri Maruthi Degree College,B.Sc,Botany/Zoology/Chemistry,Telugu
6046,Sri Maruthi Degree College,B.Sc,Mathemaics/Physics/Chemistry,Telugu
6046,Sri Maruthi Degree College,B.Sc,Mathematics/Physics/ComputerScience,English
6047,Sri Padmanabha Degree College,B.Com,Computers,English
6047,Sri Padmanabha Degree College,B.Com,General,Telugu
6047,Sri Padmanabha Degree College,B.Sc,Botany/Zoology/Chemistry,Telugu
6047,Sri Padmanabha Degree College,B.Sc,Mathemaics/Physics/Chemistry,Telugu
6047,Sri Padmanabha Degree College,B.Sc,Mathematics/Physics/ComputerScience,English
6048,Sri Sadana Degree College,B.A,Economics/Pol.Science/PublicAdmn.,Telugu
6048,Sri Sadana Degree College,B.Com,Computers,English
6048,Sri Sadana Degree College,B.Sc,Botany/Zoology/Chemistry,Telugu
6048,Sri Sadana Degree College,B.Sc,Mathematics/Physics/ComputerScience,English
6049,Sri Sai Degree College,B.A,Economics/Pol.Science/PublicAdmn.,Telugu
6049,Sri Sai Degree College,B.Com,Computers,English
6049,Sri Sai Degree College,B.Com,General,Telugu
6049,Sri Sai Degree College,B.Sc,Botany/Zoology/Chemistry,Telugu
6049,Sri Sai Degree College,B.Sc,Mathemaics/Physics/Chemistry,Telugu
6049,Sri Sai Degree College,B.Sc,Mathematics/Physics/ComputerScience,English
6050,Sri Vani Degree College,B.A,Economics/Pol.Science/History,Telugu
6050,Sri Vani Degree College,B.Com,Computers,English
6050,Sri Vani Degree College,B.Com,General,Telugu
6050,Sri Vani Degree College,B.Sc,Botany/Zoology/Chemistry,Telugu
6050,Sri Vani Degree College,B.Sc,Mathemaics/Physics/Chemistry,Telugu
6050,Sri Vani Degree College,B.Sc,Mathematics/Physics/ComputerScience,English
6051,M.G Degree College,B.A,Economics/Pol.Science/History,Telugu
6051,M.G Degree College,B.A,History/Pol.Science/Telugu,Telugu
6051,M.G Degree College,B.Com,Computers,English
6051,M.G Degree College,B.Sc,Botany/Zoology/Chemistry,Telugu
6051,M.G Degree College,B.Sc,Mathemaics/Physics/Chemistry,English
6051,M.G Degree College,B.Sc,Mathematics/Physics/ComputerScience,English
6052,Sri Venkateswara Degree College,B.A,Economics/Pol.Science/History,Telugu
6052,Sri Venkateswara Degree College,B.A,History/Pol.Science/Telugu,Telugu
6053,Sri Vidya Degree College,B.A,Economics/Pol.Science/PublicAdmn.,Telugu
6053,Sri Vidya Degree College,B.Com,Computers,English
6053,Sri Vidya Degree College,B.Sc,Botany/Zoology/Chemistry,Telugu
6053,Sri Vidya Degree College,B.Sc,Mathemaics/Physics/Chemistry,Telugu
6053,Sri Vidya Degree College,B.Sc,Mathematics/Physics/ComputerScience,English
6054,Sri Viveka Vardhini Degree College,B.A,Economics/Pol.Science/History,Telugu
6054,Sri Viveka Vardhini Degree College,B.A,Economics/Pol.Science/PublicAdmn.,Telugu
6054,Sri Viveka Vardhini Degree College,B.A,Economics/Pol.Science/Telugu,Telugu
6054,Sri Viveka Vardhini Degree College,B.Com,Computers,English
6054,Sri Viveka Vardhini Degree College,B.Com,General,Telugu
6054,Sri Viveka Vardhini Degree College,B.Sc,Botany/Zoology/Chemistry,Telugu
6054,Sri Viveka Vardhini Degree College,B.Sc,Mathemaics/Physics/Chemistry,Telugu
6055,Srinidhi Degree College,B.A,Economics/Pol.Science/History,Telugu
6055,Srinidhi Degree College,B.Com,Computers,English
6055,Srinidhi Degree College,B.Com,General,Telugu
6055,Srinidhi Degree College,B.Sc,Botany/Zoology/Chemistry,Telugu
6056,Srinivasa Degree College Brahim Street,B.A,Economics/Pol.Science/History,Telugu
6056,Srinivasa Degree College Brahim Street,B.A,History/Pol.Science/Telugu,Telugu
6056,Srinivasa Degree College Brahim Street,B.Sc,Botany/Zoology/Chemistry,Telugu
6056,Srinivasa Degree College Brahim Street,B.Sc,Mathemaics/Physics/Chemistry,Telugu
6057,Srinivasa Degree College,B.A,Economics/Pol.Science/History,Telugu
6057,Srinivasa Degree College,B.Com,General,Telugu
6057,Srinivasa Degree College,B.Sc,Botany/Zoology/Chemistry,Telugu
6057,Srinivasa Degree College,B.Sc,Mathemaics/Physics/Chemistry,Telugu
6058,Tara Govt. College,B.A,Economics/Pol.Science/History,Telugu
6058,Tara Govt. College,B.A,Economics/Pol.Science/PublicAdmn.,Telugu
6058,Tara Govt. College,B.A,Economics/PoliticalScinece/ComputerApplications,English
6058,Tara Govt. College,B.A,History/Pol.Science/PublicAdministration,Telugu
6058,Tara Govt. College,B.A,History/Pol.Science/Telugu,Telugu
6058,Tara Govt. College,B.Com,ComputerApplication(Vocational),English
6058,Tara Govt. College,B.Com,General,Telugu
6058,Tara Govt. College,B.Sc,Botany/Zoology/Chemistry,English
6058,Tara Govt. College,B.Sc,Botany/Zoology/Chemistry,Telugu
6058,Tara Govt. College,B.Sc,Mathemaics/Physics/Chemistry,English
6058,Tara Govt. College,B.Sc,Mathemaics/Physics/Chemistry,Telugu
6058,Tara Govt. College,B.Sc,Mathematics/Physics/ComputerScience,English
6058,Tara Govt. College,B.Sc,Mathematics/Physics/Electronics,English
6058,Tara Govt. College,B.Sc,Mathematics/Stastitics/ComputerScience,English
6058,Tara Govt. College,B.Sc,Microbiology/Zoology/Chemistry,English
6059,Masters Degree College,B.A,Economics/Pol.Science/History,Telugu
6059,Masters Degree College,B.Com,Computers,English
6059,Masters Degree College,B.Com,General,English
6059,Masters Degree College,B.Com,General,Telugu
6059,Masters Degree College,B.Sc,Botany/Zoology/Chemistry,English
6059,Masters Degree College,B.Sc,Botany/Zoology/Chemistry,Telugu
6059,Masters Degree College,B.Sc,Mathemaics/Physics/Chemistry,English
6059,Masters Degree College,B.Sc,Mathemaics/Physics/Chemistry,Telugu
6059,Masters Degree College,B.Sc,Mathematics/Physics/ComputerScience,English
6059,Masters Degree College,B.Sc,Microbiology/Zoology/Chemistry,English
6060,Vijaya Sai Degree College,B.A,Economics/Pol.Science/History,Telugu
6060,Vijaya Sai Degree College,B.A,History/Pol.Science/PublicAdministration,Telugu
6060,Vijaya Sai Degree College,B.A,History/Pol.Science/Telugu,Telugu
6060,Vijaya Sai Degree College,B.Com,Computers,English
6060,Vijaya Sai Degree College,B.Com,General,English
6060,Vijaya Sai Degree College,B.Com,General,Telugu
6060,Vijaya Sai Degree College,B.Sc,Botany/Zoology/Chemistry,Telugu
6060,Vijaya Sai Degree College,B.Sc,Mathemaics/Physics/Chemistry,English
6061,YPR Degree College,B.A,Economics/Pol.Science/PublicAdmn.,Telugu
6061,YPR Degree College,B.Com,ComputerApplication(Vocational),English
6061,YPR Degree College,B.Com,Computers,English
6061,YPR Degree College,B.Com,General,Telugu
6061,YPR Degree College,B.Sc,Botany/Zoology/Chemistry,English
6061,YPR Degree College,B.Sc,Mathemaics/Physics/Chemistry,Telugu
6061,YPR Degree College,B.Sc,Mathematics/Physics/ComputerScience,English
6062,Wisdom Degree College,B.A,Economics/Pol.Science/PublicAdmn.,English
6062,Wisdom Degree College,B.Com,Computers,English
6062,Wisdom Degree College,B.Com,General,English
6062,Wisdom Degree College,B.Sc,Botany/Zoology/Chemistry,English
6062,Wisdom Degree College,B.Sc,Mathemaics/Physics/Chemistry,English
6062,Wisdom Degree College,B.Sc,Mathematics/Physics/ComputerScience,English
6063,Sri Chaintanay Degree college,B.Com,Computers,English
6063,Sri Chaintanay Degree college,B.Com,General,Telugu
6063,Sri Chaintanay Degree college,B.Sc,Mathematics/Physics/ComputerScience,English
6066,Government Degree College,B.A,Economics/Pol.Science/History,Telugu
6066,Government Degree College,B.A,History/Pol.Science/Telugu,Telugu
6066,Government Degree College,B.Com,General,Telugu
6066,Government Degree College,B.Sc,Botany/Zoology/Chemistry,Telugu
6066,Government Degree College,B.Sc,Mathemaics/Physics/Chemistry,Telugu
6067,Sri Manikanta Saranam Degree College,B.A,Economics/Pol.Science/History,Telugu
6067,Sri Manikanta Saranam Degree College,B.Com,General,Telugu
6068,Government Degree College for Women,B.A,Economics/Pol.Science/History,Telugu
6068,Government Degree College for Women,B.A,Economics/Pol.Science/PublicAdmn.,Telugu
6068,Government Degree College for Women,B.Com,General,Telugu
6068,Government Degree College for Women,B.Sc,Botany/Zoology/Chemistry,Telugu
6068,Government Degree College for Women,B.Sc,Mathemaics/Physics/Chemistry,Telugu
6070,Social Welfare Residential College for Girls,B.Com,Hons.,English
6071,Pattabhi Degree College,B.Com,ComputerApplication(Vocational),English
6071,Pattabhi Degree College,B.Com,Computers,English
6071,Pattabhi Degree College,B.Sc,Mathematics/Stastitics/ComputerScience,English
6071,Pattabhi Degree College,BBA,Bachelor of Business Administration,English
6072,Sri Vivekananda Degree College,B.A,Economics/Pol.Science/History,Telugu
6072,Sri Vivekananda Degree College,B.Com,Computers,English
6072,Sri Vivekananda Degree College,B.Sc,Botany/Zoology/Chemistry,Telugu
6072,Sri Vivekananda Degree College,B.Sc,Mathematics/Physics/ComputerScience,English
6072,Sri Vivekananda Degree College,B.A,Economics/Pol.Science/PublicAdmn.,Telugu
6075,Sri Manikanta Sharanam Degree College,B.A,Economics/Pol.Science/History,Telugu
6075,Sri Manikanta Sharanam Degree College,B.Sc,Botany/Zoology/Chemistry,Telugu
6076,Shivaji Degree College,B.A,Economics/Pol.Science/PublicAdmn.,Telugu
6076,Shivaji Degree College,B.Com,General,Telugu
6076,Shivaji Degree College,B.Sc,Botany/Zoology/Chemistry,Telugu
6077,Aashritha Degree College,B.A,Economics/Pol.Science/History,Telugu
6077,Aashritha Degree College,B.Com,General,Telugu
6077,Aashritha Degree College,B.Sc,Botany/Zoology/Chemistry,Telugu
6077,Aashritha Degree College,B.Sc,Mathemaics/Physics/Chemistry,Telugu
6078,Sri Yuva Chaitanya Degree College,B.A,Economics/Pol.Science/History,Telugu
6078,Sri Yuva Chaitanya Degree College,B.Com,General,Telugu
6078,Sri Yuva Chaitanya Degree College,B.Sc,Botany/Zoology/Chemistry,Telugu
